Treatment ,Variety ,Direction ,Block,Plot,Rep,Year_Stability,Year_CN,Year_Bulk,Depth,Bulk_Density ,Stability_10cm,MOtotale_pctTS,Ntot_g_kgTS,CsurNtotale,Cmin_mgCO2_kgTS,Cmin_pctCtot,NO3_T0,reliquats_azotes_mg_kg,Nmin_mg_kgTS,Nmin_pctNtot,humidite_pct,F_Mechanical actions,DG_soilTx,Stone:soil,,,,
A_Viti,Artaban,,1,1,1,2019,2021,2020,10,0.962488993,0.47,2.6,1.64,9.3,414,2.7,9.7,23.1,13.4,0.8,10.7,45,10.0132249,0.152627505,,,,
A_Viti,Artaban,,1,1,1,2023,2022,2023,10,1.353294954,1.508033346,2.9,1.54,10.8,510,3.1,8,8,22.1,1.4,18.6,45,10.0132249,0.224509762,,,,
A_Viti,Artaban,,1,1,2,2019,2021,2020,10,0.962488993,0.46,2.6,1.64,9.3,414,2.7,9.7,23.1,13.4,0.8,10.7,45,10.0132249,0.152627505,,,,
A_Viti,Artaban,,1,1,2,2023,2022,2023,10,1.353294954,1.674498692,2.9,1.54,10.8,510,3.1,8,8,22.1,1.4,18.6,45,10.0132249,0.224509762,,,,
A_Viti,Artaban,,1,1,3,2019,2021,2020,10,0.962488993,0.54,2.6,1.64,9.3,414,2.7,9.7,23.1,13.4,0.8,10.7,45,10.0132249,0.152627505,,,,
A_Viti,Artaban,,1,1,3,2023,2022,2023,10,1.353294954,1.681227229,2.9,1.54,10.8,510,3.1,8,8,22.1,1.4,18.6,45,10.0132249,0.224509762,,,,
A_Viti,Artaban,,1,2,1,2019,2021,2020,10,1.001642835,0.39,2.6,1.64,9.3,414,2.7,9.7,23.1,13.4,0.8,10.7,45,10.0132249,0.19470716,,,,
A_Viti,Artaban,,1,2,1,2023,2022,2023,10,1.595145487,1.755738325,2.9,1.54,10.8,510,3.1,8,8,22.1,1.4,18.6,45,10.0132249,0.255837287,,,,
A_Viti,Artaban,,1,2,2,2019,2021,2020,10,1.001642835,0.39,2.6,1.64,9.3,414,2.7,9.7,23.1,13.4,0.8,10.7,45,10.0132249,0.19470716,,,,
A_Viti,Artaban,,1,2,2,2023,2022,2023,10,1.595145487,1.671437531,2.9,1.54,10.8,510,3.1,8,8,22.1,1.4,18.6,45,10.0132249,0.255837287,,,,
A_Viti,Artaban,,1,2,3,2019,2021,2020,10,1.001642835,0.38,2.6,1.64,9.3,414,2.7,9.7,23.1,13.4,0.8,10.7,45,10.0132249,0.19470716,,,,
A_Viti,Artaban,,1,2,3,2023,2022,2023,10,1.595145487,1.720025943,2.9,1.54,10.8,510,3.1,8,8,22.1,1.4,18.6,45,10.0132249,0.255837287,,,,
A_Viti,Artaban,,1,3,1,2019,2021,2020,10,0.839532681,0.45,2.6,1.64,9.3,414,2.7,9.7,23.1,13.4,0.8,10.7,45,10.0132249,0.239975687,,,,
A_Viti,Artaban,,1,3,1,2023,2022,2023,10,1.58189031,1.80318097,2.9,1.54,10.8,510,3.1,8,8,22.1,1.4,18.6,45,10.0132249,0.288809849,,,,
A_Viti,Artaban,,1,3,2,2019,2021,2020,10,0.839532681,0.37,2.6,1.64,9.3,414,2.7,9.7,23.1,13.4,0.8,10.7,45,10.0132249,0.239975687,,,,
A_Viti,Artaban,,1,3,2,2023,2022,2023,10,1.58189031,1.6621,2.9,1.54,10.8,510,3.1,8,8,22.1,1.4,18.6,45,10.0132249,0.288809849,,,,
A_Viti,Artaban,,1,3,3,2019,2021,2020,10,0.839532681,0.44,2.6,1.64,9.3,414,2.7,9.7,23.1,13.4,0.8,10.7,45,10.0132249,0.239975687,,,,
A_Viti,Artaban,,1,3,3,2023,2022,2023,10,1.58189031,1.566077492,2.9,1.54,10.8,510,3.1,8,8,22.1,1.4,18.6,45,10.0132249,0.288809849,,,,
A_Viti,Artaban,,1,4,1,2019,2021,2020,10,0.742727616,0.39,2.6,1.64,9.3,414,2.7,9.7,23.1,13.4,0.8,10.7,45,10.0132249,0.483568585,,,,
A_Viti,Artaban,,1,4,1,2023,2022,2023,10,1.579501124,1.79499216,2.9,1.54,10.8,510,3.1,8,8,22.1,1.4,18.6,45,10.0132249,0.360237098,,,,
A_Viti,Artaban,,1,4,2,2019,2021,2020,10,0.742727616,0.45,2.6,1.64,9.3,414,2.7,9.7,23.1,13.4,0.8,10.7,45,10.0132249,0.483568585,,,,
A_Viti,Artaban,,1,4,2,2023,2022,2023,10,1.579501124,1.837602021,2.9,1.54,10.8,510,3.1,8,8,22.1,1.4,18.6,45,10.0132249,0.360237098,,,,
A_Viti,Artaban,,1,4,3,2019,2021,2020,10,0.742727616,0.48,2.6,1.64,9.3,414,2.7,9.7,23.1,13.4,0.8,10.7,45,10.0132249,0.483568585,,,,
A_Viti,Artaban,,1,4,3,2023,2022,2023,10,1.579501124,2.091527341,2.9,1.54,10.8,510,3.1,8,8,22.1,1.4,18.6,45,10.0132249,0.360237098,,,,
A_Viti,Artaban,,1,5,1,2019,2021,2020,10,0.579980812,0.38,2.6,1.64,9.3,414,2.7,9.7,23.1,13.4,0.8,10.7,45,10.0132249,0.255837287,,,,
A_Viti,Artaban,,1,5,1,2023,2022,2023,10,1.680850979,1.606863408,2.9,1.54,10.8,510,3.1,8,8,22.1,1.4,18.6,45,10.0132249,0.255837287,,,,
A_Viti,Artaban,,1,5,2,2019,2021,2020,10,0.579980812,0.42,2.6,1.64,9.3,414,2.7,9.7,23.1,13.4,0.8,10.7,45,10.0132249,0.255837287,,,,
A_Viti,Artaban,,1,5,2,2023,2022,2023,10,1.680850979,1.605543053,2.9,1.54,10.8,510,3.1,8,8,22.1,1.4,18.6,45,10.0132249,0.255837287,,,,
A_Viti,Artaban,,1,5,3,2019,2021,2020,10,0.579980812,0.37,2.6,1.64,9.3,414,2.7,9.7,23.1,13.4,0.8,10.7,45,10.0132249,0.255837287,,,,
A_Viti,Artaban,,1,5,3,2023,2022,2023,10,1.680850979,1.553312488,2.9,1.54,10.8,510,3.1,8,8,22.1,1.4,18.6,45,10.0132249,0.255837287,,,,
A_Viti,Artaban,,2,1,1,2019,2021,2020,10,1.371363765,0.45,2,1.1,10.7,639,5.4,3.8,3.8,10.3,0.9,12.6,45,9.998263614,0.113411233,,,,
A_Viti,Artaban,,2,1,1,2023,2022,2023,10,1.476614249,1.16050083,2.1,1.03,12,379,3.1,5.7,7,15.4,1.5,16.7,45,9.998263614,0.113411233,,,,
A_Viti,Artaban,,2,1,2,2019,2021,2020,10,1.371363765,0.46,2,1.1,10.7,639,5.4,3.8,3.8,10.3,0.9,12.6,45,9.998263614,0.113411233,,,,
A_Viti,Artaban,,2,1,2,2023,2022,2023,10,1.476614249,1.489592873,2.1,1.03,12,379,3.1,5.7,7,15.4,1.5,16.7,45,9.998263614,0.113411233,,,,
A_Viti,Artaban,,2,1,3,2019,2021,2020,10,1.371363765,0.56,2,1.1,10.7,639,5.4,3.8,3.8,10.3,0.9,12.6,45,9.998263614,0.113411233,,,,
A_Viti,Artaban,,2,1,3,2023,2022,2023,10,1.476614249,1.287425005,2.1,1.03,12,379,3.1,5.7,7,15.4,1.5,16.7,45,9.998263614,0.113411233,,,,
A_Viti,Artaban,,2,2,1,2019,2021,2020,10,1.188743835,0.53,2,1.1,10.7,639,5.4,3.8,3.8,10.3,0.9,12.6,45,9.998263614,0.139252028,,,,
A_Viti,Artaban,,2,2,1,2023,2022,2023,10,1.590025482,1.662432594,2.1,1.03,12,379,3.1,5.7,7,15.4,1.5,16.7,45,9.998263614,0.113411233,,,,
A_Viti,Artaban,,2,2,2,2019,2021,2020,10,1.188743835,0.49,2,1.1,10.7,639,5.4,3.8,3.8,10.3,0.9,12.6,45,9.998263614,0.139252028,,,,
A_Viti,Artaban,,2,2,2,2023,2022,2023,10,1.590025482,1.826754721,2.1,1.03,12,379,3.1,5.7,7,15.4,1.5,16.7,45,9.998263614,0.113411233,,,,
A_Viti,Artaban,,2,2,3,2019,2021,2020,10,1.188743835,0.61,2,1.1,10.7,639,5.4,3.8,3.8,10.3,0.9,12.6,45,9.998263614,0.139252028,,,,
A_Viti,Artaban,,2,2,3,2023,2022,2023,10,1.590025482,1.81777669,2.1,1.03,12,379,3.1,5.7,7,15.4,1.5,16.7,45,9.998263614,0.113411233,,,,
A_Viti,Artaban,,2,3,1,2019,2021,2020,10,1.21224837,0.41,2,1.1,10.7,639,5.4,3.8,3.8,10.3,0.9,12.6,45,9.998263614,0.113411233,,,,
A_Viti,Artaban,,2,3,1,2023,2022,2023,10,1.627899113,1.71,2.1,1.03,12,379,3.1,5.7,7,15.4,1.5,16.7,45,9.998263614,0.180343329,,,,
A_Viti,Artaban,,2,3,2,2019,2021,2020,10,1.21224837,,2,1.1,10.7,639,5.4,3.8,3.8,10.3,0.9,12.6,45,9.998263614,0.113411233,,,,
A_Viti,Artaban,,2,3,2,2023,2022,2023,10,1.627899113,1.45,2.1,1.03,12,379,3.1,5.7,7,15.4,1.5,16.7,45,9.998263614,0.180343329,,,,
A_Viti,Artaban,,2,3,3,2019,2021,2020,10,1.21224837,,2,1.1,10.7,639,5.4,3.8,3.8,10.3,0.9,12.6,45,9.998263614,0.113411233,,,,
A_Viti,Artaban,,2,3,3,2023,2022,2023,10,1.627899113,1.45,2.1,1.03,12,379,3.1,5.7,7,15.4,1.5,16.7,45,9.998263614,0.180343329,,,,
A_Viti,Artaban,,2,4,1,2019,2021,2020,10,0.830587541,0.42,2,1.1,10.7,639,5.4,3.8,3.8,10.3,0.9,12.6,45,9.998263614,0.159433715,,,,
A_Viti,Artaban,,2,4,1,2023,2022,2023,10,1.367739466,2.003933479,2.1,1.03,12,379,3.1,5.7,7,15.4,1.5,16.7,45,9.998263614,0.113411233,,,,
A_Viti,Artaban,,2,4,2,2019,2021,2020,10,0.830587541,0.46,2,1.1,10.7,639,5.4,3.8,3.8,10.3,0.9,12.6,45,9.998263614,0.159433715,,,,
A_Viti,Artaban,,2,4,2,2023,2022,2023,10,1.367739466,2.035368884,2.1,1.03,12,379,3.1,5.7,7,15.4,1.5,16.7,45,9.998263614,0.113411233,,,,
A_Viti,Artaban,,2,4,3,2019,2021,2020,10,0.830587541,0.52,2,1.1,10.7,639,5.4,3.8,3.8,10.3,0.9,12.6,45,9.998263614,0.159433715,,,,
A_Viti,Artaban,,2,4,3,2023,2022,2023,10,1.367739466,1.895603855,2.1,1.03,12,379,3.1,5.7,7,15.4,1.5,16.7,45,9.998263614,0.113411233,,,,
A_Viti,Artaban,,2,5,1,2019,2021,2020,10,1.019251679,0.33,2,1.1,10.7,639,5.4,3.8,3.8,10.3,0.9,12.6,45,9.998263614,0.255837287,,,,
A_Viti,Artaban,,2,5,1,2023,2022,2023,10,1.363830427,1.955347438,2.1,1.03,12,379,3.1,5.7,7,15.4,1.5,16.7,45,9.998263614,0.166320784,,,,
A_Viti,Artaban,,2,5,2,2019,2021,2020,10,1.019251679,0.38,2,1.1,10.7,639,5.4,3.8,3.8,10.3,0.9,12.6,45,9.998263614,0.255837287,,,,
A_Viti,Artaban,,2,5,2,2023,2022,2023,10,1.363830427,1.865860671,2.1,1.03,12,379,3.1,5.7,7,15.4,1.5,16.7,45,9.998263614,0.166320784,,,,
A_Viti,Artaban,,2,5,3,2019,2021,2020,10,1.019251679,0.37,2,1.1,10.7,639,5.4,3.8,3.8,10.3,0.9,12.6,45,9.998263614,0.255837287,,,,
A_Viti,Artaban,,2,5,3,2023,2022,2023,10,1.363830427,1.812896627,2.1,1.03,12,379,3.1,5.7,7,15.4,1.5,16.7,45,9.998263614,0.166320784,,,,
A_Viti,Artaban,,3,1,1,2019,2021,2020,10,1.120260374,0.51,1.9,0.99,11,242,2.2,2.1,2.1,12.1,1.2,12.4,45,9.998146942,0.065093793,,,,
A_Viti,Artaban,,3,1,1,2023,2022,2023,10,1.629747994,1.48,2.1,1.08,11.3,401,3.3,4.1,4.5,8.7,0.8,16.5,45,9.998146942,,,,,
A_Viti,Artaban,,3,1,2,2019,2021,2020,10,1.120260374,0.5,1.9,0.99,11,242,2.2,2.1,2.1,12.1,1.2,12.4,45,9.998146942,0.065093793,,,,
A_Viti,Artaban,,3,1,2,2023,2022,2023,10,1.629747994,1.25,2.1,1.08,11.3,401,3.3,4.1,4.5,8.7,0.8,16.5,45,9.998146942,,,,,
A_Viti,Artaban,,3,1,3,2019,2021,2020,10,1.120260374,0.49,1.9,0.99,11,242,2.2,2.1,2.1,12.1,1.2,12.4,45,9.998146942,0.065093793,,,,
A_Viti,Artaban,,3,1,3,2023,2022,2023,10,1.629747994,1.36,2.1,1.08,11.3,401,3.3,4.1,4.5,8.7,0.8,16.5,45,9.998146942,,,,,
A_Viti,Artaban,,3,2,1,2019,2021,2020,10,1.272019465,0.7,1.9,0.99,11,242,2.2,2.1,2.1,12.1,1.2,12.4,45,9.998146942,0.061638489,,,,
A_Viti,Artaban,,3,2,1,2023,2022,2023,10,1.429447704,1.883875073,2.1,1.08,11.3,401,3.3,4.1,4.5,8.7,0.8,16.5,45,9.998146942,0.088716692,,,,
A_Viti,Artaban,,3,2,2,2019,2021,2020,10,1.272019465,0.63,1.9,0.99,11,242,2.2,2.1,2.1,12.1,1.2,12.4,45,9.998146942,0.061638489,,,,
A_Viti,Artaban,,3,2,2,2023,2022,2023,10,1.429447704,1.990686192,2.1,1.08,11.3,401,3.3,4.1,4.5,8.7,0.8,16.5,45,9.998146942,0.088716692,,,,
A_Viti,Artaban,,3,2,3,2019,2021,2020,10,1.272019465,0.64,1.9,0.99,11,242,2.2,2.1,2.1,12.1,1.2,12.4,45,9.998146942,0.061638489,,,,
A_Viti,Artaban,,3,2,3,2023,2022,2023,10,1.429447704,2.030045476,2.1,1.08,11.3,401,3.3,4.1,4.5,8.7,0.8,16.5,45,9.998146942,0.088716692,,,,
A_Viti,Artaban,,3,3,1,2019,2021,2020,10,1.134235047,0.46,1.9,0.99,11,242,2.2,2.1,2.1,12.1,1.2,12.4,45,9.998146942,0.180343329,,,,
A_Viti,Artaban,,3,3,1,2023,2022,2023,10,1.602500718,1.230592167,2.1,1.08,11.3,401,3.3,4.1,4.5,8.7,0.8,16.5,45,9.998146942,0.113411233,,,,
A_Viti,Artaban,,3,3,2,2019,2021,2020,10,1.134235047,0.42,1.9,0.99,11,242,2.2,2.1,2.1,12.1,1.2,12.4,45,9.998146942,0.180343329,,,,
A_Viti,Artaban,,3,3,2,2023,2022,2023,10,1.602500718,1.290930313,2.1,1.08,11.3,401,3.3,4.1,4.5,8.7,0.8,16.5,45,9.998146942,0.113411233,,,,
A_Viti,Artaban,,3,3,3,2019,2021,2020,10,1.134235047,0.54,1.9,0.99,11,242,2.2,2.1,2.1,12.1,1.2,12.4,45,9.998146942,0.180343329,,,,
A_Viti,Artaban,,3,3,3,2023,2022,2023,10,1.602500718,1.409129678,2.1,1.08,11.3,401,3.3,4.1,4.5,8.7,0.8,16.5,45,9.998146942,0.113411233,,,,
A_Viti,Artaban,,3,4,1,2019,2021,2020,10,1.301247574,0.52,1.9,0.99,11,242,2.2,2.1,2.1,12.1,1.2,12.4,45,9.998146942,0.088716692,,,,
A_Viti,Artaban,,3,4,1,2023,2022,2023,10,1.523112855,1.2084172,2.1,1.08,11.3,401,3.3,4.1,4.5,8.7,0.8,16.5,45,9.998146942,0.113411233,,,,
A_Viti,Artaban,,3,4,2,2019,2021,2020,10,1.301247574,0.47,1.9,0.99,11,242,2.2,2.1,2.1,12.1,1.2,12.4,45,9.998146942,0.088716692,,,,
A_Viti,Artaban,,3,4,2,2023,2022,2023,10,1.523112855,1.378129252,2.1,1.08,11.3,401,3.3,4.1,4.5,8.7,0.8,16.5,45,9.998146942,0.113411233,,,,
A_Viti,Artaban,,3,4,3,2019,2021,2020,10,1.301247574,0.47,1.9,0.99,11,242,2.2,2.1,2.1,12.1,1.2,12.4,45,9.998146942,0.088716692,,,,
A_Viti,Artaban,,3,4,3,2023,2022,2023,10,1.523112855,1.42107184,2.1,1.08,11.3,401,3.3,4.1,4.5,8.7,0.8,16.5,45,9.998146942,0.113411233,,,,
A_Viti,Artaban,,3,5,1,2019,2021,2020,10,1.191947831,0.53,1.9,0.99,11,242,2.2,2.1,2.1,12.1,1.2,12.4,45,9.998146942,0.113411233,,,,
A_Viti,Artaban,,3,5,1,2023,2022,2023,10,1.428663784,1.44,2.1,1.08,11.3,401,3.3,4.1,4.5,8.7,0.8,16.5,45,9.998146942,0.19470716,,,,
A_Viti,Artaban,,3,5,2,2019,2021,2020,10,1.191947831,0.56,1.9,0.99,11,242,2.2,2.1,2.1,12.1,1.2,12.4,45,9.998146942,0.113411233,,,,
A_Viti,Artaban,,3,5,2,2023,2022,2023,10,1.428663784,1.65,2.1,1.08,11.3,401,3.3,4.1,4.5,8.7,0.8,16.5,45,9.998146942,0.19470716,,,,
A_Viti,Artaban,,3,5,3,2019,2021,2020,10,1.191947831,0.53,1.9,0.99,11,242,2.2,2.1,2.1,12.1,1.2,12.4,45,9.998146942,0.113411233,,,,
A_Viti,Artaban,,3,5,3,2023,2022,2023,10,1.428663784,1.73,2.1,1.08,11.3,401,3.3,4.1,4.5,8.7,0.8,16.5,45,9.998146942,0.19470716,,,,
A_Viti,Artaban,,1,1,1,2019,2021,2020,30,0.977907353,0.47,2.6,1.64,9.3,414,2.7,9.7,23.1,13.4,0.8,10.7,45,10.0132249,0.272109945,,,,
A_Viti,Artaban,,1,1,1,2023,2022,2023,30,1.353379251,1.508033346,2.9,1.54,10.8,510,3.1,8,8,22.1,1.4,18.6,45,10.0132249,0.255837287,,,,
A_Viti,Artaban,,1,1,2,2019,2021,2020,30,0.977907353,0.46,2.6,1.64,9.3,414,2.7,9.7,23.1,13.4,0.8,10.7,45,10.0132249,0.272109945,,,,
A_Viti,Artaban,,1,1,2,2023,2022,2023,30,1.353379251,1.674498692,2.9,1.54,10.8,510,3.1,8,8,22.1,1.4,18.6,45,10.0132249,0.255837287,,,,
A_Viti,Artaban,,1,1,3,2019,2021,2020,30,0.977907353,0.54,2.6,1.64,9.3,414,2.7,9.7,23.1,13.4,0.8,10.7,45,10.0132249,0.272109945,,,,
A_Viti,Artaban,,1,1,3,2023,2022,2023,30,1.353379251,1.681227229,2.9,1.54,10.8,510,3.1,8,8,22.1,1.4,18.6,45,10.0132249,0.255837287,,,,
A_Viti,Artaban,,1,2,1,2019,2021,2020,30,0.745251039,0.39,2.6,1.64,9.3,414,2.7,9.7,23.1,13.4,0.8,10.7,45,10.0132249,0.255837287,,,,
A_Viti,Artaban,,1,2,1,2023,2022,2023,30,1.558966686,1.755738325,2.9,1.54,10.8,510,3.1,8,8,22.1,1.4,18.6,45,10.0132249,0.399004271,,,,
A_Viti,Artaban,,1,2,2,2019,2021,2020,30,0.745251039,0.39,2.6,1.64,9.3,414,2.7,9.7,23.1,13.4,0.8,10.7,45,10.0132249,0.255837287,,,,
A_Viti,Artaban,,1,2,2,2023,2022,2023,30,1.558966686,1.671437531,2.9,1.54,10.8,510,3.1,8,8,22.1,1.4,18.6,45,10.0132249,0.399004271,,,,
A_Viti,Artaban,,1,2,3,2019,2021,2020,30,0.745251039,0.38,2.6,1.64,9.3,414,2.7,9.7,23.1,13.4,0.8,10.7,45,10.0132249,0.255837287,,,,
A_Viti,Artaban,,1,2,3,2023,2022,2023,30,1.558966686,1.720025943,2.9,1.54,10.8,510,3.1,8,8,22.1,1.4,18.6,45,10.0132249,0.399004271,,,,
A_Viti,Artaban,,1,3,1,2019,2021,2020,30,1.173267632,0.45,2.6,1.64,9.3,414,2.7,9.7,23.1,13.4,0.8,10.7,45,10.0132249,0.20942489,,,,
A_Viti,Artaban,,1,3,1,2023,2022,2023,30,1.43748367,1.80318097,2.9,1.54,10.8,510,3.1,8,8,22.1,1.4,18.6,45,10.0132249,0.440046021,,,,
A_Viti,Artaban,,1,3,2,2019,2021,2020,30,1.173267632,0.37,2.6,1.64,9.3,414,2.7,9.7,23.1,13.4,0.8,10.7,45,10.0132249,0.20942489,,,,
A_Viti,Artaban,,1,3,2,2023,2022,2023,30,1.43748367,1.6621,2.9,1.54,10.8,510,3.1,8,8,22.1,1.4,18.6,45,10.0132249,0.440046021,,,,
A_Viti,Artaban,,1,3,3,2019,2021,2020,30,1.173267632,0.44,2.6,1.64,9.3,414,2.7,9.7,23.1,13.4,0.8,10.7,45,10.0132249,0.20942489,,,,
A_Viti,Artaban,,1,3,3,2023,2022,2023,30,1.43748367,1.566077492,2.9,1.54,10.8,510,3.1,8,8,22.1,1.4,18.6,45,10.0132249,0.440046021,,,,
A_Viti,Artaban,,1,4,1,2019,2021,2020,30,1.091586299,0.39,2.6,1.64,9.3,414,2.7,9.7,23.1,13.4,0.8,10.7,45,10.0132249,0.305954049,,,,
A_Viti,Artaban,,1,4,1,2023,2022,2023,30,1.844802195,1.79499216,2.9,1.54,10.8,510,3.1,8,8,22.1,1.4,18.6,45,10.0132249,0.579013767,,,,
A_Viti,Artaban,,1,4,2,2019,2021,2020,30,1.091586299,0.45,2.6,1.64,9.3,414,2.7,9.7,23.1,13.4,0.8,10.7,45,10.0132249,0.305954049,,,,
A_Viti,Artaban,,1,4,2,2023,2022,2023,30,1.844802195,1.837602021,2.9,1.54,10.8,510,3.1,8,8,22.1,1.4,18.6,45,10.0132249,0.579013767,,,,
A_Viti,Artaban,,1,4,3,2019,2021,2020,30,1.091586299,0.48,2.6,1.64,9.3,414,2.7,9.7,23.1,13.4,0.8,10.7,45,10.0132249,0.305954049,,,,
A_Viti,Artaban,,1,4,3,2023,2022,2023,30,1.844802195,2.091527341,2.9,1.54,10.8,510,3.1,8,8,22.1,1.4,18.6,45,10.0132249,0.579013767,,,,
A_Viti,Artaban,,1,5,1,2019,2021,2020,30,0.986834986,0.38,2.6,1.64,9.3,414,2.7,9.7,23.1,13.4,0.8,10.7,45,10.0132249,0.180343329,,,,
A_Viti,Artaban,,1,5,1,2023,2022,2023,30,1.790101273,1.606863408,2.9,1.54,10.8,510,3.1,8,8,22.1,1.4,18.6,45,10.0132249,0.360237098,,,,
A_Viti,Artaban,,1,5,2,2019,2021,2020,30,0.986834986,0.42,2.6,1.64,9.3,414,2.7,9.7,23.1,13.4,0.8,10.7,45,10.0132249,0.180343329,,,,
A_Viti,Artaban,,1,5,2,2023,2022,2023,30,1.790101273,1.605543053,2.9,1.54,10.8,510,3.1,8,8,22.1,1.4,18.6,45,10.0132249,0.360237098,,,,
A_Viti,Artaban,,1,5,3,2019,2021,2020,30,0.986834986,0.37,2.6,1.64,9.3,414,2.7,9.7,23.1,13.4,0.8,10.7,45,10.0132249,0.180343329,,,,
A_Viti,Artaban,,1,5,3,2023,2022,2023,30,1.790101273,1.553312488,2.9,1.54,10.8,510,3.1,8,8,22.1,1.4,18.6,45,10.0132249,0.360237098,,,,
A_Viti,Artaban,,2,1,1,2019,2021,2020,30,1.296587324,0.45,2,1.1,10.7,639,5.4,3.8,3.8,10.3,0.9,12.6,45,9.998263614,0.126183418,,,,
A_Viti,Artaban,,2,1,1,2023,2022,2023,30,1.546783289,1.16050083,2.1,1.03,12,379,3.1,5.7,7,15.4,1.5,16.7,45,9.998263614,0.166320784,,,,
A_Viti,Artaban,,2,1,2,2019,2021,2020,30,1.296587324,0.46,2,1.1,10.7,639,5.4,3.8,3.8,10.3,0.9,12.6,45,9.998263614,0.126183418,,,,
A_Viti,Artaban,,2,1,2,2023,2022,2023,30,1.546783289,1.489592873,2.1,1.03,12,379,3.1,5.7,7,15.4,1.5,16.7,45,9.998263614,0.166320784,,,,
A_Viti,Artaban,,2,1,3,2019,2021,2020,30,1.296587324,0.56,2,1.1,10.7,639,5.4,3.8,3.8,10.3,0.9,12.6,45,9.998263614,0.126183418,,,,
A_Viti,Artaban,,2,1,3,2023,2022,2023,30,1.546783289,1.287425005,2.1,1.03,12,379,3.1,5.7,7,15.4,1.5,16.7,45,9.998263614,0.166320784,,,,
A_Viti,Artaban,,2,2,1,2019,2021,2020,30,1.108767973,0.53,2,1.1,10.7,639,5.4,3.8,3.8,10.3,0.9,12.6,45,9.998263614,0.107133166,,,,
A_Viti,Artaban,,2,2,1,2023,2022,2023,30,1.738414368,1.662432594,2.1,1.03,12,379,3.1,5.7,7,15.4,1.5,16.7,45,9.998263614,0.255837287,,,,
A_Viti,Artaban,,2,2,2,2019,2021,2020,30,1.108767973,0.49,2,1.1,10.7,639,5.4,3.8,3.8,10.3,0.9,12.6,45,9.998263614,0.139252028,,,,
A_Viti,Artaban,,2,2,2,2023,2022,2023,30,1.738414368,1.826754721,2.1,1.03,12,379,3.1,5.7,7,15.4,1.5,16.7,45,9.998263614,0.255837287,,,,
A_Viti,Artaban,,2,2,3,2019,2021,2020,30,1.108767973,0.61,2,1.1,10.7,639,5.4,3.8,3.8,10.3,0.9,12.6,45,9.998263614,,,,,
A_Viti,Artaban,,2,2,3,2023,2022,2023,30,1.738414368,1.81777669,2.1,1.03,12,379,3.1,5.7,7,15.4,1.5,16.7,45,9.998263614,0.255837287,,,,
A_Viti,Artaban,,2,3,1,2019,2021,2020,30,1.250130548,0.41,2,1.1,10.7,639,5.4,3.8,3.8,10.3,0.9,12.6,45,9.998263614,,,,,
A_Viti,Artaban,,2,3,1,2023,2022,2023,30,1.492317567,1.71,2.1,1.03,12,379,3.1,5.7,7,15.4,1.5,16.7,45,9.998263614,0.139252028,,,,
A_Viti,Artaban,,2,3,2,2019,2021,2020,30,1.250130548,,2,1.1,10.7,639,5.4,3.8,3.8,10.3,0.9,12.6,45,9.998263614,,,,,
A_Viti,Artaban,,2,3,2,2023,2022,2023,30,1.492317567,1.45,2.1,1.03,12,379,3.1,5.7,7,15.4,1.5,16.7,45,9.998263614,0.139252028,,,,
A_Viti,Artaban,,2,3,3,2019,2021,2020,30,1.250130548,,2,1.1,10.7,639,5.4,3.8,3.8,10.3,0.9,12.6,45,9.998263614,0.139252028,0.065093793,,,
A_Viti,Artaban,,2,3,3,2023,2022,2023,30,1.492317567,1.45,2.1,1.03,12,379,3.1,5.7,7,15.4,1.5,16.7,45,9.998263614,0.139252028,,,,
A_Viti,Artaban,,2,4,1,2019,2021,2020,30,1.077246769,0.42,2,1.1,10.7,639,5.4,3.8,3.8,10.3,0.9,12.6,45,9.998263614,0.180343329,,,,
A_Viti,Artaban,,2,4,1,2023,2022,2023,30,1.312899432,2.003933479,2.1,1.03,12,379,3.1,5.7,7,15.4,1.5,16.7,45,9.998263614,0.180343329,,,,
A_Viti,Artaban,,2,4,2,2019,2021,2020,30,1.077246769,0.46,2,1.1,10.7,639,5.4,3.8,3.8,10.3,0.9,12.6,45,9.998263614,0.180343329,,,,
A_Viti,Artaban,,2,4,2,2023,2022,2023,30,1.312899432,2.035368884,2.1,1.03,12,379,3.1,5.7,7,15.4,1.5,16.7,45,9.998263614,0.180343329,,,,
A_Viti,Artaban,,2,4,3,2019,2021,2020,30,1.077246769,0.52,2,1.1,10.7,639,5.4,3.8,3.8,10.3,0.9,12.6,45,9.998263614,0.180343329,,,,
A_Viti,Artaban,,2,4,3,2023,2022,2023,30,1.312899432,1.895603855,2.1,1.03,12,379,3.1,5.7,7,15.4,1.5,16.7,45,9.998263614,0.180343329,,,,
A_Viti,Artaban,,2,5,1,2019,2021,2020,30,1.10422878,0.33,2,1.1,10.7,639,5.4,3.8,3.8,10.3,0.9,12.6,45,9.998263614,0.19470716,,,,
A_Viti,Artaban,,2,5,1,2023,2022,2023,30,1.849669797,1.955347438,2.1,1.03,12,379,3.1,5.7,7,15.4,1.5,16.7,45,9.998263614,0.399004271,,,,
A_Viti,Artaban,,2,5,2,2019,2021,2020,30,1.10422878,0.38,2,1.1,10.7,639,5.4,3.8,3.8,10.3,0.9,12.6,45,9.998263614,0.19470716,,,,
A_Viti,Artaban,,2,5,2,2023,2022,2023,30,1.849669797,1.865860671,2.1,1.03,12,379,3.1,5.7,7,15.4,1.5,16.7,45,9.998263614,0.399004271,,,,
A_Viti,Artaban,,2,5,3,2019,2021,2020,30,1.10422878,0.37,1.9,0.99,11,242,2.2,2.1,2.1,12.1,1.2,12.4,45,9.998263614,0.19470716,,,,
A_Viti,Artaban,,2,5,3,2023,2022,2023,30,1.849669797,1.812896627,2.1,1.03,12,379,3.1,5.7,7,15.4,1.5,16.7,45,9.998263614,0.399004271,,,,
A_Viti,Artaban,,3,1,1,2019,2021,2020,30,1.171740959,0.51,1.9,0.99,11,242,2.2,2.1,2.1,12.1,1.2,12.4,45,9.998146942,0.100925501,,,,
A_Viti,Artaban,,3,1,1,2023,2022,2023,30,1.596830156,1.48,2.1,1.08,11.3,401,3.3,4.1,4.5,8.7,0.8,16.5,45,9.998146942,0.113411233,,,,
A_Viti,Artaban,,3,1,2,2019,2021,2020,30,1.171740959,0.5,1.9,0.99,11,242,2.2,2.1,2.1,12.1,1.2,12.4,45,9.998146942,0.100925501,,,,
A_Viti,Artaban,,3,1,2,2023,2022,2023,30,1.596830156,1.25,2.1,1.08,11.3,401,3.3,4.1,4.5,8.7,0.8,16.5,45,9.998146942,0.113411233,,,,
A_Viti,Artaban,,3,1,3,2019,2021,2020,30,1.171740959,0.49,1.9,0.99,11,242,2.2,2.1,2.1,12.1,1.2,12.4,45,9.998146942,0.100925501,,,,
A_Viti,Artaban,,3,1,3,2023,2022,2023,30,1.596830156,1.36,2.1,1.08,11.3,401,3.3,4.1,4.5,8.7,0.8,16.5,45,9.998146942,0.113411233,,,,
A_Viti,Artaban,,3,2,1,2019,2021,2020,30,0.87973677,0.7,1.9,0.99,11,242,2.2,2.1,2.1,12.1,1.2,12.4,45,9.998146942,0.076775695,,,,
A_Viti,Artaban,,3,2,1,2023,2022,2023,30,1.278144592,1.883875073,2.1,1.08,11.3,401,3.3,4.1,4.5,8.7,0.8,16.5,45,9.998146942,0.113411233,,,,
A_Viti,Artaban,,3,2,2,2019,2021,2020,30,0.87973677,0.63,1.9,0.99,11,242,2.2,2.1,2.1,12.1,1.2,12.4,45,9.998146942,0.076775695,,,,
A_Viti,Artaban,,3,2,2,2023,2022,2023,30,1.278144592,1.990686192,2.1,1.08,11.3,401,3.3,4.1,4.5,8.7,0.8,16.5,45,9.998146942,0.113411233,,,,
A_Viti,Artaban,,3,2,3,2019,2021,2020,30,0.87973677,0.64,1.9,0.99,11,242,2.2,2.1,2.1,12.1,1.2,12.4,45,9.998146942,0.076775695,,,,
A_Viti,Artaban,,3,2,3,2023,2022,2023,30,1.278144592,2.030045476,2.1,1.08,11.3,401,3.3,4.1,4.5,8.7,0.8,16.5,45,9.998146942,0.113411233,,,,
A_Viti,Artaban,,3,3,1,2019,2021,2020,30,1.199341925,0.46,1.9,0.99,11,242,2.2,2.1,2.1,12.1,1.2,12.4,45,9.998146942,0.076775695,,,,
A_Viti,Artaban,,3,3,1,2023,2022,2023,30,1.748773385,1.230592167,2.1,1.08,11.3,401,3.3,4.1,4.5,8.7,0.8,16.5,45,9.998146942,0.139252028,,,,
A_Viti,Artaban,,3,3,2,2019,2021,2020,30,1.199341925,0.42,1.9,0.99,11,242,2.2,2.1,2.1,12.1,1.2,12.4,45,9.998146942,0.076775695,,,,
A_Viti,Artaban,,3,3,2,2023,2022,2023,30,1.748773385,1.290930313,2.1,1.08,11.3,401,3.3,4.1,4.5,8.7,0.8,16.5,45,9.998146942,0.139252028,,,,
A_Viti,Artaban,,3,3,3,2019,2021,2020,30,1.199341925,0.54,1.9,0.99,11,242,2.2,2.1,2.1,12.1,1.2,12.4,45,9.998146942,0.076775695,,,,
A_Viti,Artaban,,3,3,3,2023,2022,2023,30,1.748773385,1.409129678,2.1,1.08,11.3,401,3.3,4.1,4.5,8.7,0.8,16.5,45,9.998146942,0.139252028,,,,
A_Viti,Artaban,,3,4,1,2019,2021,2020,30,1.176566314,0.52,1.9,0.99,11,242,2.2,2.1,2.1,12.1,1.2,12.4,45,9.998146942,0.065093793,,,,
A_Viti,Artaban,,3,4,1,2023,2022,2023,30,1.406025922,1.2084172,2.1,1.08,11.3,401,3.3,4.1,4.5,8.7,0.8,16.5,45,9.998146942,0.065093793,,,,
A_Viti,Artaban,,3,4,2,2019,2021,2020,30,1.176566314,0.47,1.9,0.99,11,242,2.2,2.1,2.1,12.1,1.2,12.4,45,9.998146942,0.065093793,,,,
A_Viti,Artaban,,3,4,2,2023,2022,2023,30,1.406025922,1.378129252,2.1,1.08,11.3,401,3.3,4.1,4.5,8.7,0.8,16.5,45,9.998146942,0.065093793,,,,
A_Viti,Artaban,,3,4,3,2019,2021,2020,30,1.176566314,0.47,1.9,0.99,11,242,2.2,2.1,2.1,12.1,1.2,12.4,45,9.998146942,0.065093793,,,,
A_Viti,Artaban,,3,4,3,2023,2022,2023,30,1.406025922,1.42107184,2.1,1.08,11.3,401,3.3,4.1,4.5,8.7,0.8,16.5,45,9.998146942,0.065093793,,,,
A_Viti,Artaban,,3,5,1,2019,2021,2020,30,1.202192097,0.53,1.9,0.99,11,242,2.2,2.1,2.1,12.1,1.2,12.4,45,9.998146942,0.132680028,,,,
A_Viti,Artaban,,3,5,1,2023,2022,2023,30,1.41966669,1.44,2.1,1.08,11.3,401,3.3,4.1,4.5,8.7,0.8,16.5,45,9.998146942,0.166320784,,,,
A_Viti,Artaban,,3,5,2,2019,2021,2020,30,1.202192097,0.56,1.9,0.99,11,242,2.2,2.1,2.1,12.1,1.2,12.4,45,9.998146942,0.132680028,,,,
A_Viti,Artaban,,3,5,2,2023,2022,2023,30,1.41966669,1.65,2.1,1.08,11.3,401,3.3,4.1,4.5,8.7,0.8,16.5,45,9.998146942,0.166320784,,,,
A_Viti,Artaban,,3,5,3,2019,2021,2020,30,1.202192097,0.53,1.9,0.99,11,242,2.2,2.1,2.1,12.1,1.2,12.4,45,9.998146942,0.132680028,,,,
A_Viti,Artaban,,3,5,3,2023,2022,2023,30,1.41966669,1.73,2.1,1.08,11.3,401,3.3,4.1,4.5,8.7,0.8,16.5,45,9.998146942,0.166320784,,,,
D_Viti,Artaban,VN,1,1,1,2019,2021,2020,10,0.880241783,0.38,2.2,1.22,10.7,381,2.9,5.5,5.5,25.1,2.1,11.3,43,10.02189762,0.483568585,,,,
D_Viti,Artaban,VN,1,1,2,2019,2021,2020,10,0.880241783,0.44,2.2,1.22,10.7,381,2.9,5.5,5.5,25.1,2.1,11.3,43,10.02189762,0.255837287,,,,
D_Viti,Artaban,VN,1,1,3,2019,2021,2020,10,0.880241783,0.45,2.2,1.22,10.7,381,2.9,5.5,5.5,25.1,2.1,11.3,43,10.02189762,0.113411233,,,,
D_Viti,Artaban,VN,1,2,1,2019,2021,2020,10,0.927818124,0.35,2.2,1.22,10.7,381,2.9,5.5,5.5,25.1,2.1,11.3,43,10.02189762,0.053662643,,,,
D_Viti,Artaban,VN,1,2,2,2019,2021,2020,10,0.927818124,0.38,2.2,1.22,10.7,381,2.9,5.5,5.5,25.1,2.1,11.3,43,10.02189762,0.272109945,,,,
D_Viti,Artaban,VN,1,2,3,2019,2021,2020,10,0.927818124,0.39,2.2,1.22,10.7,381,2.9,5.5,5.5,25.1,2.1,11.3,43,10.02189762,0.239975687,,,,
D_Viti,Artaban,VN,1,3,1,2019,2021,2020,10,1.090777814,0.33,2.2,1.22,10.7,381,2.9,5.5,5.5,25.1,2.1,11.3,43,10.02189762,0.288809849,,,,
D_Viti,Artaban,VN,1,3,2,2019,2021,2020,10,1.090777814,0.42,2.2,1.22,10.7,381,2.9,5.5,5.5,25.1,2.1,11.3,43,10.02189762,0.288809849,,,,
D_Viti,Artaban,VN,1,3,3,2019,2021,2020,10,1.090777814,0.5,2.2,1.22,10.7,381,2.9,5.5,5.5,25.1,2.1,11.3,43,10.02189762,0.288809849,,,,
D_Viti,Artaban,VS,1,4,1,2019,2021,2020,10,1.236046149,0.34,2.1,1.19,10.2,354,2.9,6.1,6.1,18.7,1.6,11.8,43,10.02189762,0.224509762,,,,
D_Viti,Artaban,VS,1,4,2,2019,2021,2020,10,1.236046149,0.36,2.1,1.19,10.2,354,2.9,6.1,6.1,18.7,1.6,11.8,43,10.02189762,0.224509762,,,,
D_Viti,Artaban,VS,1,4,3,2019,2021,2020,10,1.236046149,,2.1,1.19,10.2,354,2.9,6.1,6.1,18.7,1.6,11.8,43,10.02189762,0.224509762,,,,
D_Viti,Artaban,VS,1,5,1,2019,2021,2020,10,1.224334174,0.35,2.1,1.19,10.2,354,2.9,6.1,6.1,18.7,1.6,11.8,43,10.02189762,0.100925501,,,,
D_Viti,Artaban,VS,1,5,2,2019,2021,2020,10,1.224334174,0.32,2.1,1.19,10.2,354,2.9,6.1,6.1,18.7,1.6,11.8,43,10.02189762,0.100925501,,,,
D_Viti,Artaban,VS,1,5,3,2019,2021,2020,10,1.224334174,,2.1,1.19,10.2,354,2.9,6.1,6.1,18.7,1.6,11.8,43,10.02189762,0.100925501,,,,
D_Viti,Artaban,VS,1,6,1,2019,2021,2020,10,0.977216712,0.42,2.1,1.19,10.2,354,2.9,6.1,6.1,18.7,1.6,11.8,43,10.02189762,0.180343329,,,,
D_Viti,Artaban,VS,1,6,2,2019,2021,2020,10,0.977216712,,2.1,1.19,10.2,354,2.9,6.1,6.1,18.7,1.6,11.8,43,10.02189762,0.180343329,,,,
D_Viti,Artaban,VS,1,6,3,2019,2021,2020,10,0.977216712,0.33,2.1,1.19,10.2,354,2.9,6.1,6.1,18.7,1.6,11.8,43,10.02189762,0.180343329,,,,
D_Viti,Artaban,VN,2,1,1,2019,2021,2020,10,1.140342024,0.48,1.5,0.86,10.4,287,3.2,2.9,2.9,16.2,1.9,10.8,43,9.990539575,0.100925501,,,,
D_Viti,Artaban,VN,2,1,2,2019,2021,2020,10,1.140342024,0.61,1.5,0.86,10.4,287,3.2,2.9,2.9,16.2,1.9,10.8,43,9.990539575,0.100925501,,,,
D_Viti,Artaban,VN,2,1,3,2019,2021,2020,10,1.140342024,0.53,1.5,0.86,10.4,287,3.2,2.9,2.9,16.2,1.9,10.8,43,9.990539575,0.100925501,,,,
D_Viti,Artaban,VN,2,2,1,2019,2021,2020,10,1.158357929,0.39,1.5,0.86,10.4,287,3.2,2.9,2.9,16.2,1.9,10.8,43,9.990539575,0.053662643,,,,
D_Viti,Artaban,VN,2,2,2,2019,2021,2020,10,1.158357929,0.38,1.5,0.86,10.4,287,3.2,2.9,2.9,16.2,1.9,10.8,43,9.990539575,0.053662643,,,,
D_Viti,Artaban,VN,2,2,3,2019,2021,2020,10,1.158357929,0.41,1.5,0.86,10.4,287,3.2,2.9,2.9,16.2,1.9,10.8,43,9.990539575,0.053662643,,,,
D_Viti,Artaban,VN,2,3,1,2019,2021,2020,10,1.20151885,0.41,1.5,0.86,10.4,287,3.2,2.9,2.9,16.2,1.9,10.8,43,9.990539575,0.065093793,,,,
D_Viti,Artaban,VN,2,3,2,2019,2021,2020,10,1.20151885,0.4,1.5,0.86,10.4,287,3.2,2.9,2.9,16.2,1.9,10.8,43,9.990539575,0.065093793,,,,
D_Viti,Artaban,VN,2,3,3,2019,2021,2020,10,1.20151885,0.38,1.5,0.86,10.4,287,3.2,2.9,2.9,16.2,1.9,10.8,43,9.990539575,0.065093793,,,,
D_Viti,Artaban,VS,2,4,1,2019,2021,2020,10,1.209979925,0.49,1.8,0.98,10.7,321,3.1,3.4,3.4,16.1,1.6,11.1,43,9.990539575,0.126183418,,,,
D_Viti,Artaban,VS,2,4,2,2019,2021,2020,10,1.209979925,0.5,1.8,0.98,10.7,321,3.1,3.4,3.4,16.1,1.6,11.1,43,9.990539575,0.126183418,,,,
D_Viti,Artaban,VS,2,4,3,2019,2021,2020,10,1.209979925,0.56,1.8,0.98,10.7,321,3.1,3.4,3.4,16.1,1.6,11.1,43,9.990539575,0.126183418,,,,
D_Viti,Artaban,VS,2,5,1,2019,2021,2020,10,1.417355143,0.49,1.8,0.98,10.7,321,3.1,3.4,3.4,16.1,1.6,11.1,43,9.990539575,0.088716692,,,,
D_Viti,Artaban,VS,2,5,2,2019,2021,2020,10,1.417355143,0.57,1.8,0.98,10.7,321,3.1,3.4,3.4,16.1,1.6,11.1,43,9.990539575,0.088716692,,,,
D_Viti,Artaban,VS,2,5,3,2019,2021,2020,10,1.417355143,0.5,1.8,0.98,10.7,321,3.1,3.4,3.4,16.1,1.6,11.1,43,9.990539575,0.088716692,,,,
D_Viti,Artaban,VS,2,6,1,2019,2021,2020,10,1.101274749,0.46,1.8,0.98,10.7,321,3.1,3.4,3.4,16.1,1.6,11.1,43,9.990539575,0.065093793,,,,
D_Viti,Artaban,VS,2,6,2,2019,2021,2020,10,1.101274749,0.48,1.8,0.98,10.7,321,3.1,3.4,3.4,16.1,1.6,11.1,43,9.990539575,0.065093793,,,,
D_Viti,Artaban,VS,2,6,3,2019,2021,2020,10,1.101274749,0.5,1.8,0.98,10.7,321,3.1,3.4,3.4,16.1,1.6,11.1,43,9.990539575,0.065093793,,,,
D_Viti,Artaban,VN,3,1,1,2019,2021,2020,10,1.120046962,0.5,2.1,1.1,11.3,347,2.8,3.4,3.4,14.6,1.3,12.4,43,10.01163854,0.152627505,,,,
D_Viti,Artaban,VN,3,1,2,2019,2021,2020,10,1.120046962,0.49,2.1,1.1,11.3,347,2.8,3.4,3.4,14.6,1.3,12.4,43,10.01163854,0.152627505,,,,
D_Viti,Artaban,VN,3,1,3,2019,2021,2020,10,1.120046962,0.43,2.1,1.1,11.3,347,2.8,3.4,3.4,14.6,1.3,12.4,43,10.01163854,0.152627505,,,,
D_Viti,Artaban,VN,3,2,1,2019,2021,2020,10,1.132940847,0.38,2.1,1.1,11.3,347,2.8,3.4,3.4,14.6,1.3,12.4,43,10.01163854,0.100925501,,,,
D_Viti,Artaban,VN,3,2,2,2019,2021,2020,10,1.132940847,0.43,2.1,1.1,11.3,347,2.8,3.4,3.4,14.6,1.3,12.4,43,10.01163854,0.100925501,,,,
D_Viti,Artaban,VN,3,2,3,2019,2021,2020,10,1.132940847,0.44,2.1,1.1,11.3,347,2.8,3.4,3.4,14.6,1.3,12.4,43,10.01163854,0.100925501,,,,
D_Viti,Artaban,VN,3,3,1,2019,2021,2020,10,1.121166246,0.46,2.1,1.1,11.3,347,2.8,3.4,3.4,14.6,1.3,12.4,43,10.01163854,0.100925501,,,,
D_Viti,Artaban,VN,3,3,2,2019,2021,2020,10,1.121166246,0.41,2.1,1.1,11.3,347,2.8,3.4,3.4,14.6,1.3,12.4,43,10.01163854,0.100925501,,,,
D_Viti,Artaban,VN,3,3,3,2019,2021,2020,10,1.121166246,0.42,2.1,1.1,11.3,347,2.8,3.4,3.4,14.6,1.3,12.4,43,10.01163854,0.100925501,,,,
D_Viti,Artaban,VS,3,4,1,2019,2021,2020,10,1.155202722,0.39,2,1.11,10.7,381,3.2,2.2,3.7,14,1.3,12.7,43,10.01163854,0.113411233,,,,
D_Viti,Artaban,VS,3,4,2,2019,2021,2020,10,1.155202722,0.41,2,1.11,10.7,381,3.2,2.2,3.7,14,1.3,12.7,43,10.01163854,0.113411233,,,,
D_Viti,Artaban,VS,3,4,3,2019,2021,2020,10,1.155202722,0.41,2,1.11,10.7,381,3.2,2.2,3.7,14,1.3,12.7,43,10.01163854,0.113411233,,,,
D_Viti,Artaban,VS,3,5,1,2019,2021,2020,10,1.139098384,0.41,2,1.11,10.7,381,3.2,2.2,3.7,14,1.3,12.7,43,10.01163854,0.113411233,,,,
D_Viti,Artaban,VS,3,5,2,2019,2021,2020,10,1.139098384,0.38,2,1.11,10.7,381,3.2,2.2,3.7,14,1.3,12.7,43,10.01163854,0.113411233,,,,
D_Viti,Artaban,VS,3,5,3,2019,2021,2020,10,1.139098384,0.39,2,1.11,10.7,381,3.2,2.2,3.7,14,1.3,12.7,43,10.01163854,0.113411233,,,,
D_Viti,Artaban,VS,3,6,1,2019,2021,2020,10,1.146801168,0.4,2,1.11,10.7,381,3.2,2.2,3.7,14,1.3,12.7,43,10.01163854,0.042474258,,,,
D_Viti,Artaban,VS,3,6,2,2019,2021,2020,10,1.146801168,0.46,2,1.11,10.7,381,3.2,2.2,3.7,14,1.3,12.7,43,10.01163854,0.042474258,,,,
D_Viti,Artaban,VS,3,6,3,2019,2021,2020,10,1.146801168,0.4,2,1.11,10.7,381,3.2,2.2,3.7,14,1.3,12.7,43,10.01163854,0.042474258,,,,
D_Viti,Artaban,VN,1,1,1,2023,2022,2023,10,1.655651006,1.278681792,2.6,1.22,12.6,649,4.2,4.6,4.6,18.1,1.5,18.4,43,10.02189762,0.255837287,,,,
D_Viti,Artaban,VN,1,1,2,2023,2022,2023,10,1.655651006,1.059283898,2.6,1.22,12.6,649,4.2,4.6,4.6,18.1,1.5,18.4,43,10.02189762,0.255837287,,,,
D_Viti,Artaban,VN,1,1,3,2023,2022,2023,10,1.655651006,1.589353612,2.6,1.22,12.6,649,4.2,4.6,4.6,18.1,1.5,18.4,43,10.02189762,0.255837287,,,,
D_Viti,Artaban,VN,1,2,1,2023,2022,2023,10,1.658721053,1.568802281,2.6,1.22,12.6,649,4.2,4.6,4.6,18.1,1.5,18.4,43,10.02189762,0.255837287,,,,
D_Viti,Artaban,VN,1,2,2,2023,2022,2023,10,1.658721053,1.602495463,2.6,1.22,12.6,649,4.2,4.6,4.6,18.1,1.5,18.4,43,10.02189762,0.255837287,,,,
D_Viti,Artaban,VN,1,2,3,2023,2022,2023,10,1.658721053,1.802844431,2.6,1.22,12.6,649,4.2,4.6,4.6,18.1,1.5,18.4,43,10.02189762,0.255837287,,,,
D_Viti,Artaban,VN,1,3,1,2023,2022,2023,10,1.546624386,2.024283314,2.6,1.22,12.6,649,4.2,4.6,4.6,18.1,1.5,18.4,43,10.02189762,0.180343329,,,,
D_Viti,Artaban,VN,1,3,2,2023,2022,2023,10,1.546624386,2.201882704,2.6,1.22,12.6,649,4.2,4.6,4.6,18.1,1.5,18.4,43,10.02189762,0.180343329,,,,
D_Viti,Artaban,VN,1,3,3,2023,2022,2023,10,1.546624386,1.870884521,2.6,1.22,12.6,649,4.2,4.6,4.6,18.1,1.5,18.4,43,10.02189762,0.180343329,,,,
D_Viti,Artaban,VS,1,4,1,2023,2022,2023,10,,1.532867485,2.4,1.24,11.3,480,3.4,3.7,3.7,17.7,1.4,17.1,43,10.02189762,0.255837287,,,,
D_Viti,Artaban,VS,1,4,2,2023,2022,2023,10,,1.336802701,2.4,1.24,11.3,480,3.4,3.7,3.7,17.7,1.4,17.1,43,10.02189762,0.255837287,,,,
D_Viti,Artaban,VS,1,4,3,2023,2022,2023,10,,1.484483099,2.4,1.24,11.3,480,3.4,3.7,3.7,17.7,1.4,17.1,43,10.02189762,0.255837287,,,,
D_Viti,Artaban,VS,1,5,1,2023,2022,2023,10,,1.327547382,2.4,1.24,11.3,480,3.4,3.7,3.7,17.7,1.4,17.1,43,10.02189762,0.255837287,,,,
D_Viti,Artaban,VS,1,5,2,2023,2022,2023,10,,1.783390052,2.4,1.24,11.3,480,3.4,3.7,3.7,17.7,1.4,17.1,43,10.02189762,0.255837287,,,,
D_Viti,Artaban,VS,1,5,3,2023,2022,2023,10,,1.771832082,2.4,1.24,11.3,480,3.4,3.7,3.7,17.7,1.4,17.1,43,10.02189762,0.255837287,,,,
D_Viti,Artaban,VS,1,6,1,2023,2022,2023,10,,1.957474323,2.4,1.24,11.3,480,3.4,3.7,3.7,17.7,1.4,17.1,43,10.02189762,0.180343329,,,,
D_Viti,Artaban,VS,1,6,2,2023,2022,2023,10,,1.719477107,2.4,1.24,11.3,480,3.4,3.7,3.7,17.7,1.4,17.1,43,10.02189762,0.180343329,,,,
D_Viti,Artaban,VS,1,6,3,2023,2022,2023,10,,1.744339804,2.4,1.24,11.3,480,3.4,3.7,3.7,17.7,1.4,17.1,43,10.02189762,0.180343329,,,,
D_Viti,Artaban,VN,2,1,1,2023,2022,2023,10,1.432950925,1.216000572,1.8,0.87,12.1,450,4.3,2.4,2.4,9.8,1.1,16.1,43,9.990539575,0.113411233,,,,
D_Viti,Artaban,VN,2,1,2,2023,2022,2023,10,1.432950925,1.822733032,1.8,0.87,12.1,450,4.3,2.4,2.4,9.8,1.1,16.1,43,9.990539575,0.113411233,,,,
D_Viti,Artaban,VN,2,1,3,2023,2022,2023,10,1.432950925,1.498274887,1.8,0.87,12.1,450,4.3,2.4,2.4,9.8,1.1,16.1,43,9.990539575,0.113411233,,,,
D_Viti,Artaban,VN,2,2,1,2023,2022,2023,10,1.613161374,1.08754294,1.8,0.87,12.1,450,4.3,2.4,2.4,9.8,1.1,16.1,43,9.990539575,0.113411233,,,,
D_Viti,Artaban,VN,2,2,2,2023,2022,2023,10,1.613161374,1.498127476,1.8,0.87,12.1,450,4.3,2.4,2.4,9.8,1.1,16.1,43,9.990539575,0.113411233,,,,
D_Viti,Artaban,VN,2,2,3,2023,2022,2023,10,1.613161374,1.462990573,1.8,0.87,12.1,450,4.3,2.4,2.4,9.8,1.1,16.1,43,9.990539575,0.113411233,,,,
D_Viti,Artaban,VN,2,3,1,2023,2022,2023,10,1.248729705,1.164287054,1.8,0.87,12.1,450,4.3,2.4,2.4,9.8,1.1,16.1,43,9.990539575,0.053662643,,,,
D_Viti,Artaban,VN,2,3,2,2023,2022,2023,10,1.248729705,1.346447394,1.8,0.87,12.1,450,4.3,2.4,2.4,9.8,1.1,16.1,43,9.990539575,0.053662643,,,,
D_Viti,Artaban,VN,2,3,3,2023,2022,2023,10,1.248729705,1.428900943,1.8,0.87,12.1,450,4.3,2.4,2.4,9.8,1.1,16.1,43,9.990539575,0.053662643,,,,
D_Viti,Artaban,VS,2,4,1,2023,2022,2023,10,,1.659507892,1.8,0.86,12.3,435,4.1,0.6,0.6,7.3,0.8,16.4,43,9.990539575,0.113411233,,,,
D_Viti,Artaban,VS,2,4,2,2023,2022,2023,10,,1.510497174,1.8,0.86,12.3,435,4.1,0.6,0.6,7.3,0.8,16.4,43,9.990539575,0.113411233,,,,
D_Viti,Artaban,VS,2,4,3,2023,2022,2023,10,,1.636198696,1.8,0.86,12.3,435,4.1,0.6,0.6,7.3,0.8,16.4,43,9.990539575,0.113411233,,,,
D_Viti,Artaban,VS,2,5,1,2023,2022,2023,10,,2.009840954,1.8,0.86,12.3,435,4.1,0.6,0.6,7.3,0.8,16.4,43,9.990539575,0.113411233,,,,
D_Viti,Artaban,VS,2,5,2,2023,2022,2023,10,,1.819126152,1.8,0.86,12.3,435,4.1,0.6,0.6,7.3,0.8,16.4,43,9.990539575,0.113411233,,,,
D_Viti,Artaban,VS,2,5,3,2023,2022,2023,10,,1.857303615,1.8,0.86,12.3,435,4.1,0.6,0.6,7.3,0.8,16.4,43,9.990539575,0.113411233,,,,
D_Viti,Artaban,VS,2,6,1,2023,2022,2023,10,,1.149542484,1.8,0.86,12.3,435,4.1,0.6,0.6,7.3,0.8,16.4,43,9.990539575,0.053662643,,,,
D_Viti,Artaban,VS,2,6,2,2023,2022,2023,10,,1.349919962,1.8,0.86,12.3,435,4.1,0.6,0.6,7.3,0.8,16.4,43,9.990539575,0.053662643,,,,
D_Viti,Artaban,VS,2,6,3,2023,2022,2023,10,,1.525549042,1.8,0.86,12.3,435,4.1,0.6,0.6,7.3,0.8,16.4,43,9.990539575,0.053662643,,,,
D_Viti,Artaban,VN,3,1,1,2023,2022,2023,10,1.53649538,1.249400685,2.2,1.12,11.4,461,3.6,2.8,2.8,10.5,0.9,17.6,43,10.01163854,0.113411233,,,,
D_Viti,Artaban,VN,3,1,2,2023,2022,2023,10,1.53649538,1.326169339,2.2,1.12,11.4,461,3.6,2.8,2.8,10.5,0.9,17.6,43,10.01163854,0.113411233,,,,
D_Viti,Artaban,VN,3,1,3,2023,2022,2023,10,1.53649538,1.260355175,2.2,1.12,11.4,461,3.6,2.8,2.8,10.5,0.9,17.6,43,10.01163854,0.113411233,,,,
D_Viti,Artaban,VN,3,2,1,2023,2022,2023,10,1.415490021,1.493258153,2.2,1.12,11.4,461,3.6,2.8,2.8,10.5,0.9,17.6,43,10.01163854,0.272109945,,,,
D_Viti,Artaban,VN,3,2,2,2023,2022,2023,10,1.415490021,1.396367351,2.2,1.12,11.4,461,3.6,2.8,2.8,10.5,0.9,17.6,43,10.01163854,0.272109945,,,,
D_Viti,Artaban,VN,3,2,3,2023,2022,2023,10,1.415490021,1.291214657,2.2,1.12,11.4,461,3.6,2.8,2.8,10.5,0.9,17.6,43,10.01163854,0.272109945,,,,
D_Viti,Artaban,VN,3,3,1,2023,2022,2023,10,1.576034888,1.448232507,2.2,1.12,11.4,461,3.6,2.8,2.8,10.5,0.9,17.6,43,10.01163854,0.272109945,,,,
D_Viti,Artaban,VN,3,3,2,2023,2022,2023,10,1.576034888,1.606452438,2.2,1.12,11.4,461,3.6,2.8,2.8,10.5,0.9,17.6,43,10.01163854,0.272109945,,,,
D_Viti,Artaban,VN,3,3,3,2023,2022,2023,10,1.576034888,1.53636537,2.2,1.12,11.4,461,3.6,2.8,2.8,10.5,0.9,17.6,43,10.01163854,0.272109945,,,,
D_Viti,Artaban,VS,3,4,1,2023,2022,2023,10,,1.084300091,2.2,1.17,10.8,615,4.9,3.7,3.7,21.5,1.8,16.9,43,10.01163854,0.113411233,,,,
D_Viti,Artaban,VS,3,4,2,2023,2022,2023,10,,1.160978736,2.2,1.17,10.8,615,4.9,3.7,3.7,21.5,1.8,16.9,43,10.01163854,0.113411233,,,,
D_Viti,Artaban,VS,3,4,3,2023,2022,2023,10,,1.068848074,2.2,1.17,10.8,615,4.9,3.7,3.7,21.5,1.8,16.9,43,10.01163854,0.113411233,,,,
D_Viti,Artaban,VS,3,5,1,2023,2022,2023,10,,1.394559482,2.2,1.17,10.8,615,4.9,3.7,3.7,21.5,1.8,16.9,43,10.01163854,0.272109945,,,,
D_Viti,Artaban,VS,3,5,2,2023,2022,2023,10,,1.201027464,2.2,1.17,10.8,615,4.9,3.7,3.7,21.5,1.8,16.9,43,10.01163854,0.272109945,,,,
D_Viti,Artaban,VS,3,5,3,2023,2022,2023,10,,1.282360612,2.2,1.17,10.8,615,4.9,3.7,3.7,21.5,1.8,16.9,43,10.01163854,0.272109945,,,,
D_Viti,Artaban,VS,3,6,1,2023,2022,2023,10,,1.446899642,2.2,1.17,10.8,615,4.9,3.7,3.7,21.5,1.8,16.9,43,10.01163854,0.272109945,,,,
D_Viti,Artaban,VS,3,6,2,2023,2022,2023,10,,1.337506342,2.2,1.17,10.8,615,4.9,3.7,3.7,21.5,1.8,16.9,43,10.01163854,0.272109945,,,,
D_Viti,Artaban,VS,3,6,3,2023,2022,2023,10,,1.504064971,2.2,1.17,10.8,615,4.9,3.7,3.7,21.5,1.8,16.9,43,10.01163854,0.272109945,,,,
D_Viti,Artaban,VN,1,1,1,2019,2021,2020,30,0.672317403,0.38,2.2,1.22,10.7,381,2.9,5.5,5.5,25.1,2.1,11.3,43,10.02189762,0.180343329,,,,
D_Viti,Artaban,VN,1,1,2,2019,2021,2020,30,0.672317403,0.44,2.2,1.22,10.7,381,2.9,5.5,5.5,25.1,2.1,11.3,43,10.02189762,0.180343329,,,,
D_Viti,Artaban,VN,1,1,3,2019,2021,2020,30,0.672317403,0.45,2.2,1.22,10.7,381,2.9,5.5,5.5,25.1,2.1,11.3,43,10.02189762,0.180343329,,,,
D_Viti,Artaban,VN,1,2,1,2019,2021,2020,30,1.275200475,0.35,2.2,1.22,10.7,381,2.9,5.5,5.5,25.1,2.1,11.3,43,10.02189762,0.166320784,,,,
D_Viti,Artaban,VN,1,2,2,2019,2021,2020,30,1.275200475,0.38,2.2,1.22,10.7,381,2.9,5.5,5.5,25.1,2.1,11.3,43,10.02189762,0.166320784,,,,
D_Viti,Artaban,VN,1,2,3,2019,2021,2020,30,1.275200475,0.39,2.2,1.22,10.7,381,2.9,5.5,5.5,25.1,2.1,11.3,43,10.02189762,0.166320784,,,,
D_Viti,Artaban,VN,1,3,1,2019,2021,2020,30,1.026547582,0.33,2.2,1.22,10.7,381,2.9,5.5,5.5,25.1,2.1,11.3,43,10.02189762,0.20942489,,,,
D_Viti,Artaban,VN,1,3,2,2019,2021,2020,30,1.026547582,0.42,2.2,1.22,10.7,381,2.9,5.5,5.5,25.1,2.1,11.3,43,10.02189762,0.20942489,,,,
D_Viti,Artaban,VN,1,3,3,2019,2021,2020,30,1.026547582,0.5,2.2,1.22,10.7,381,2.9,5.5,5.5,25.1,2.1,11.3,43,10.02189762,0.20942489,,,,
D_Viti,Artaban,VS,1,4,1,2019,2021,2020,30,1.004003481,0.34,2.1,1.19,10.2,354,2.9,6.1,6.1,18.7,1.6,11.8,43,10.02189762,0.139252028,,,,
D_Viti,Artaban,VS,1,4,2,2019,2021,2020,30,1.004003481,0.36,2.1,1.19,10.2,354,2.9,6.1,6.1,18.7,1.6,11.8,43,10.02189762,0.139252028,,,,
D_Viti,Artaban,VS,1,4,3,2019,2021,2020,30,1.004003481,,2.1,1.19,10.2,354,2.9,6.1,6.1,18.7,1.6,11.8,43,10.02189762,0.139252028,,,,
D_Viti,Artaban,VS,1,5,1,2019,2021,2020,30,1.151529552,0.35,2.1,1.19,10.2,354,2.9,6.1,6.1,18.7,1.6,11.8,43,10.02189762,0.166320784,,,,
D_Viti,Artaban,VS,1,5,2,2019,2021,2020,30,1.151529552,0.32,2.1,1.19,10.2,354,2.9,6.1,6.1,18.7,1.6,11.8,43,10.02189762,0.166320784,,,,
D_Viti,Artaban,VS,1,5,3,2019,2021,2020,30,1.151529552,,2.1,1.19,10.2,354,2.9,6.1,6.1,18.7,1.6,11.8,43,10.02189762,0.166320784,,,,
D_Viti,Artaban,VS,1,6,1,2019,2021,2020,30,0.958004158,0.42,2.1,1.19,10.2,354,2.9,6.1,6.1,18.7,1.6,11.8,43,10.02189762,0.166320784,,,,
D_Viti,Artaban,VS,1,6,2,2019,2021,2020,30,0.958004158,,2.1,1.19,10.2,354,2.9,6.1,6.1,18.7,1.6,11.8,43,10.02189762,0.166320784,,,,
D_Viti,Artaban,VS,1,6,3,2019,2021,2020,30,0.958004158,0.33,2.1,1.19,10.2,354,2.9,6.1,6.1,18.7,1.6,11.8,43,10.02189762,0.166320784,,,,
D_Viti,Artaban,VN,2,1,1,2019,2021,2020,30,1.282537727,0.48,1.5,0.86,10.4,287,3.2,2.9,2.9,16.2,1.9,10.8,43,9.990539575,0.20942489,,,,
D_Viti,Artaban,VN,2,1,2,2019,2021,2020,30,1.282537727,0.61,1.5,0.86,10.4,287,3.2,2.9,2.9,16.2,1.9,10.8,43,9.990539575,0.20942489,,,,
D_Viti,Artaban,VN,2,1,3,2019,2021,2020,30,1.282537727,0.53,1.5,0.86,10.4,287,3.2,2.9,2.9,16.2,1.9,10.8,43,9.990539575,0.20942489,,,,
D_Viti,Artaban,VN,2,2,1,2019,2021,2020,30,1.268687953,0.39,1.5,0.86,10.4,287,3.2,2.9,2.9,16.2,1.9,10.8,43,9.990539575,0.053662643,,,,
D_Viti,Artaban,VN,2,2,2,2019,2021,2020,30,1.268687953,0.38,1.5,0.86,10.4,287,3.2,2.9,2.9,16.2,1.9,10.8,43,9.990539575,0.053662643,,,,
D_Viti,Artaban,VN,2,2,3,2019,2021,2020,30,1.268687953,0.41,1.5,0.86,10.4,287,3.2,2.9,2.9,16.2,1.9,10.8,43,9.990539575,0.053662643,,,,
D_Viti,Artaban,VN,2,3,1,2019,2021,2020,30,1.247950934,0.41,1.5,0.86,10.4,287,3.2,2.9,2.9,16.2,1.9,10.8,43,9.990539575,0.09478706,,,,
D_Viti,Artaban,VN,2,3,2,2019,2021,2020,30,1.247950934,0.4,1.5,0.86,10.4,287,3.2,2.9,2.9,16.2,1.9,10.8,43,9.990539575,0.09478706,,,,
D_Viti,Artaban,VN,2,3,3,2019,2021,2020,30,1.247950934,0.38,1.5,0.86,10.4,287,3.2,2.9,2.9,16.2,1.9,10.8,43,9.990539575,0.09478706,,,,
D_Viti,Artaban,VS,2,4,1,2019,2021,2020,30,1.280852257,0.49,1.8,0.98,10.7,321,3.1,3.4,3.4,16.1,1.6,11.1,43,9.990539575,0.100925501,,,,
D_Viti,Artaban,VS,2,4,2,2019,2021,2020,30,1.280852257,0.5,1.8,0.98,10.7,321,3.1,3.4,3.4,16.1,1.6,11.1,43,9.990539575,0.100925501,,,,
D_Viti,Artaban,VS,2,4,3,2019,2021,2020,30,1.280852257,0.56,1.8,0.98,10.7,321,3.1,3.4,3.4,16.1,1.6,11.1,43,9.990539575,0.100925501,,,,
D_Viti,Artaban,VS,2,5,1,2019,2021,2020,30,1.098345538,0.49,1.8,0.98,10.7,321,3.1,3.4,3.4,16.1,1.6,11.1,43,9.990539575,0.065093793,,,,
D_Viti,Artaban,VS,2,5,2,2019,2021,2020,30,1.098345538,0.57,1.8,0.98,10.7,321,3.1,3.4,3.4,16.1,1.6,11.1,43,9.990539575,0.065093793,,,,
D_Viti,Artaban,VS,2,5,3,2019,2021,2020,30,1.098345538,0.5,1.8,0.98,10.7,321,3.1,3.4,3.4,16.1,1.6,11.1,43,9.990539575,0.065093793,,,,
D_Viti,Artaban,VS,2,6,1,2019,2021,2020,30,1.08001109,0.46,1.8,0.98,10.7,321,3.1,3.4,3.4,16.1,1.6,11.1,43,9.990539575,0.088716692,,,,
D_Viti,Artaban,VS,2,6,2,2019,2021,2020,30,1.08001109,0.48,1.8,0.98,10.7,321,3.1,3.4,3.4,16.1,1.6,11.1,43,9.990539575,0.088716692,,,,
D_Viti,Artaban,VS,2,6,3,2019,2021,2020,30,1.08001109,0.5,1.8,0.98,10.7,321,3.1,3.4,3.4,16.1,1.6,11.1,43,9.990539575,0.088716692,,,,
D_Viti,Artaban,VN,3,1,1,2019,2021,2020,30,1.080691806,0.5,2.1,1.1,11.3,347,2.8,3.4,3.4,14.6,1.3,12.4,43,10.01163854,0.113411233,,,,
D_Viti,Artaban,VN,3,1,2,2019,2021,2020,30,1.080691806,0.49,2.1,1.1,11.3,347,2.8,3.4,3.4,14.6,1.3,12.4,43,10.01163854,0.113411233,,,,
D_Viti,Artaban,VN,3,1,3,2019,2021,2020,30,1.080691806,0.43,2.1,1.1,11.3,347,2.8,3.4,3.4,14.6,1.3,12.4,43,10.01163854,0.113411233,,,,
D_Viti,Artaban,VN,3,2,1,2019,2021,2020,30,1.064496881,0.38,2.1,1.1,11.3,347,2.8,3.4,3.4,14.6,1.3,12.4,43,10.01163854,0.065093793,,,,
D_Viti,Artaban,VN,3,2,2,2019,2021,2020,30,1.064496881,0.43,2.1,1.1,11.3,347,2.8,3.4,3.4,14.6,1.3,12.4,43,10.01163854,0.065093793,,,,
D_Viti,Artaban,VN,3,2,3,2019,2021,2020,30,1.064496881,0.44,2.1,1.1,11.3,347,2.8,3.4,3.4,14.6,1.3,12.4,43,10.01163854,0.065093793,,,,
D_Viti,Artaban,VN,3,3,1,2019,2021,2020,30,1.078705079,0.46,2.1,1.1,11.3,347,2.8,3.4,3.4,14.6,1.3,12.4,43,10.01163854,0.166320784,,,,
D_Viti,Artaban,VN,3,3,2,2019,2021,2020,30,1.078705079,0.41,2.1,1.1,11.3,347,2.8,3.4,3.4,14.6,1.3,12.4,43,10.01163854,0.166320784,,,,
D_Viti,Artaban,VN,3,3,3,2019,2021,2020,30,1.078705079,0.42,2.1,1.1,11.3,347,2.8,3.4,3.4,14.6,1.3,12.4,43,10.01163854,0.166320784,,,,
D_Viti,Artaban,VS,3,4,1,2019,2021,2020,30,1.221106969,0.39,2,1.11,10.7,381,3.2,2.2,3.7,14,1.3,12.7,43,10.01163854,0.126183418,,,,
D_Viti,Artaban,VS,3,4,2,2019,2021,2020,30,1.221106969,0.41,2,1.11,10.7,381,3.2,2.2,3.7,14,1.3,12.7,43,10.01163854,0.126183418,,,,
D_Viti,Artaban,VS,3,4,3,2019,2021,2020,30,1.221106969,0.41,2,1.11,10.7,381,3.2,2.2,3.7,14,1.3,12.7,43,10.01163854,0.126183418,,,,
D_Viti,Artaban,VS,3,5,1,2019,2021,2020,30,1.231937899,0.41,2,1.11,10.7,381,3.2,2.2,3.7,14,1.3,12.7,43,10.01163854,0.088716692,,,,
D_Viti,Artaban,VS,3,5,2,2019,2021,2020,30,1.231937899,0.38,2,1.11,10.7,381,3.2,2.2,3.7,14,1.3,12.7,43,10.01163854,0.088716692,,,,
D_Viti,Artaban,VS,3,5,3,2019,2021,2020,30,1.231937899,0.39,2,1.11,10.7,381,3.2,2.2,3.7,14,1.3,12.7,43,10.01163854,0.088716692,,,,
D_Viti,Artaban,VS,3,6,1,2019,2021,2020,30,1.116145684,0.4,2,1.11,10.7,381,3.2,2.2,3.7,14,1.3,12.7,43,10.01163854,0.126183418,,,,
D_Viti,Artaban,VS,3,6,2,2019,2021,2020,30,1.116145684,0.46,2,1.11,10.7,381,3.2,2.2,3.7,14,1.3,12.7,43,10.01163854,0.126183418,,,,
D_Viti,Artaban,VS,3,6,3,2019,2021,2020,30,1.116145684,0.4,2,1.11,10.7,381,3.2,2.2,3.7,14,1.3,12.7,43,10.01163854,0.126183418,,,,
D_Viti,Artaban,VN,1,1,1,2023,2022,2023,30,1.409547122,1.278681792,2.6,1.22,12.6,649,4.2,4.6,4.6,18.1,1.5,18.4,43,10.02189762,0.224509762,,,,
D_Viti,Artaban,VN,1,1,2,2023,2022,2023,30,1.409547122,1.059283898,2.6,1.22,12.6,649,4.2,4.6,4.6,18.1,1.5,18.4,43,10.02189762,0.224509762,,,,
D_Viti,Artaban,VN,1,1,3,2023,2022,2023,30,1.409547122,1.589353612,2.6,1.22,12.6,649,4.2,4.6,4.6,18.1,1.5,18.4,43,10.02189762,0.224509762,,,,
D_Viti,Artaban,VN,1,2,1,2023,2022,2023,30,1.458062291,1.568802281,2.6,1.22,12.6,649,4.2,4.6,4.6,18.1,1.5,18.4,43,10.02189762,0.152627505,,,,
D_Viti,Artaban,VN,1,2,2,2023,2022,2023,30,1.458062291,1.602495463,2.6,1.22,12.6,649,4.2,4.6,4.6,18.1,1.5,18.4,43,10.02189762,0.152627505,,,,
D_Viti,Artaban,VN,1,2,3,2023,2022,2023,30,1.458062291,1.802844431,2.6,1.22,12.6,649,4.2,4.6,4.6,18.1,1.5,18.4,43,10.02189762,0.152627505,,,,
D_Viti,Artaban,VN,1,3,1,2023,2022,2023,30,1.407367688,2.024283314,2.6,1.22,12.6,649,4.2,4.6,4.6,18.1,1.5,18.4,43,10.02189762,0.19470716,,,,
D_Viti,Artaban,VN,1,3,2,2023,2022,2023,30,1.407367688,2.201882704,2.6,1.22,12.6,649,4.2,4.6,4.6,18.1,1.5,18.4,43,10.02189762,0.19470716,,,,
D_Viti,Artaban,VN,1,3,3,2023,2022,2023,30,1.407367688,1.870884521,2.6,1.22,12.6,649,4.2,4.6,4.6,18.1,1.5,18.4,43,10.02189762,0.19470716,,,,
D_Viti,Artaban,VS,1,4,1,2023,2022,2023,30,,1.532867485,2.4,1.24,11.3,480,3.4,3.7,3.7,17.7,1.4,17.1,43,10.02189762,0.224509762,,,,
D_Viti,Artaban,VS,1,4,2,2023,2022,2023,30,,1.336802701,2.4,1.24,11.3,480,3.4,3.7,3.7,17.7,1.4,17.1,43,10.02189762,0.224509762,,,,
D_Viti,Artaban,VS,1,4,3,2023,2022,2023,30,,1.484483099,2.4,1.24,11.3,480,3.4,3.7,3.7,17.7,1.4,17.1,43,10.02189762,0.224509762,,,,
D_Viti,Artaban,VS,1,5,1,2023,2022,2023,30,,1.327547382,2.4,1.24,11.3,480,3.4,3.7,3.7,17.7,1.4,17.1,43,10.02189762,0.152627505,,,,
D_Viti,Artaban,VS,1,5,2,2023,2022,2023,30,,1.783390052,2.4,1.24,11.3,480,3.4,3.7,3.7,17.7,1.4,17.1,43,10.02189762,0.152627505,,,,
D_Viti,Artaban,VS,1,5,3,2023,2022,2023,30,,1.771832082,2.4,1.24,11.3,480,3.4,3.7,3.7,17.7,1.4,17.1,43,10.02189762,0.152627505,,,,
D_Viti,Artaban,VS,1,6,1,2023,2022,2023,30,,1.957474323,2.4,1.24,11.3,480,3.4,3.7,3.7,17.7,1.4,17.1,43,10.02189762,0.19470716,,,,
D_Viti,Artaban,VS,1,6,2,2023,2022,2023,30,,1.719477107,2.4,1.24,11.3,480,3.4,3.7,3.7,17.7,1.4,17.1,43,10.02189762,0.19470716,,,,
D_Viti,Artaban,VS,1,6,3,2023,2022,2023,30,,1.744339804,2.4,1.24,11.3,480,3.4,3.7,3.7,17.7,1.4,17.1,43,10.02189762,0.19470716,,,,
D_Viti,Artaban,VN,2,1,1,2023,2022,2023,30,1.331193967,1.216000572,1.8,0.87,12.1,450,4.3,2.4,2.4,9.8,1.1,16.1,43,9.990539575,0.088716692,,,,
D_Viti,Artaban,VN,2,1,2,2023,2022,2023,30,1.331193967,1.822733032,1.8,0.87,12.1,450,4.3,2.4,2.4,9.8,1.1,16.1,43,9.990539575,0.088716692,,,,
D_Viti,Artaban,VN,2,1,3,2023,2022,2023,30,1.331193967,1.498274887,1.8,0.87,12.1,450,4.3,2.4,2.4,9.8,1.1,16.1,43,9.990539575,0.088716692,,,,
D_Viti,Artaban,VN,2,2,1,2023,2022,2023,30,1.513132666,1.08754294,1.8,0.87,12.1,450,4.3,2.4,2.4,9.8,1.1,16.1,43,9.990539575,0.113411233,,,,
D_Viti,Artaban,VN,2,2,2,2023,2022,2023,30,1.513132666,1.498127476,1.8,0.87,12.1,450,4.3,2.4,2.4,9.8,1.1,16.1,43,9.990539575,0.113411233,,,,
D_Viti,Artaban,VN,2,2,3,2023,2022,2023,30,1.513132666,1.462990573,1.8,0.87,12.1,450,4.3,2.4,2.4,9.8,1.1,16.1,43,9.990539575,0.113411233,,,,
D_Viti,Artaban,VN,2,3,1,2023,2022,2023,30,1.292871213,1.164287054,1.8,0.87,12.1,450,4.3,2.4,2.4,9.8,1.1,16.1,43,9.990539575,0.065093793,,,,
D_Viti,Artaban,VN,2,3,2,2023,2022,2023,30,1.292871213,1.346447394,1.8,0.87,12.1,450,4.3,2.4,2.4,9.8,1.1,16.1,43,9.990539575,0.065093793,,,,
D_Viti,Artaban,VN,2,3,3,2023,2022,2023,30,1.292871213,1.428900943,1.8,0.87,12.1,450,4.3,2.4,2.4,9.8,1.1,16.1,43,9.990539575,0.065093793,,,,
D_Viti,Artaban,VS,2,4,1,2023,2022,2023,30,,1.659507892,1.8,0.86,12.3,435,4.1,0.6,0.6,7.3,0.8,16.4,43,9.990539575,0.088716692,,,,
D_Viti,Artaban,VS,2,4,2,2023,2022,2023,30,,1.510497174,1.8,0.86,12.3,435,4.1,0.6,0.6,7.3,0.8,16.4,43,9.990539575,0.088716692,,,,
D_Viti,Artaban,VS,2,4,3,2023,2022,2023,30,,1.636198696,1.8,0.86,12.3,435,4.1,0.6,0.6,7.3,0.8,16.4,43,9.990539575,0.088716692,,,,
D_Viti,Artaban,VS,2,5,1,2023,2022,2023,30,,2.009840954,1.8,0.86,12.3,435,4.1,0.6,0.6,7.3,0.8,16.4,43,9.990539575,0.113411233,,,,
D_Viti,Artaban,VS,2,5,2,2023,2022,2023,30,,1.819126152,1.8,0.86,12.3,435,4.1,0.6,0.6,7.3,0.8,16.4,43,9.990539575,0.113411233,,,,
D_Viti,Artaban,VS,2,5,3,2023,2022,2023,30,,1.857303615,1.8,0.86,12.3,435,4.1,0.6,0.6,7.3,0.8,16.4,43,9.990539575,0.113411233,,,,
D_Viti,Artaban,VS,2,6,1,2023,2022,2023,30,,1.149542484,1.8,0.86,12.3,435,4.1,0.6,0.6,7.3,0.8,16.4,43,9.990539575,0.065093793,,,,
D_Viti,Artaban,VS,2,6,2,2023,2022,2023,30,,1.349919962,1.8,0.86,12.3,435,4.1,0.6,0.6,7.3,0.8,16.4,43,9.990539575,0.065093793,,,,
D_Viti,Artaban,VS,2,6,3,2023,2022,2023,30,,1.525549042,1.8,0.86,12.3,435,4.1,0.6,0.6,7.3,0.8,16.4,43,9.990539575,0.065093793,,,,
D_Viti,Artaban,VN,3,1,1,2023,2022,2023,30,0.93583176,1.249400685,2.2,1.12,11.4,461,3.6,2.8,2.8,10.5,0.9,17.6,43,10.01163854,0.065093793,,,,
D_Viti,Artaban,VN,3,1,2,2023,2022,2023,30,0.93583176,1.326169339,2.2,1.12,11.4,461,3.6,2.8,2.8,10.5,0.9,17.6,43,10.01163854,0.065093793,,,,
D_Viti,Artaban,VN,3,1,3,2023,2022,2023,30,0.93583176,1.260355175,2.2,1.12,11.4,461,3.6,2.8,2.8,10.5,0.9,17.6,43,10.01163854,0.065093793,,,,
D_Viti,Artaban,VN,3,2,1,2023,2022,2023,30,0.849336721,1.493258153,2.2,1.12,11.4,461,3.6,2.8,2.8,10.5,0.9,17.6,43,10.01163854,0.113411233,,,,
D_Viti,Artaban,VN,3,2,2,2023,2022,2023,30,0.849336721,1.396367351,2.2,1.12,11.4,461,3.6,2.8,2.8,10.5,0.9,17.6,43,10.01163854,0.113411233,,,,
D_Viti,Artaban,VN,3,2,3,2023,2022,2023,30,0.849336721,1.291214657,2.2,1.12,11.4,461,3.6,2.8,2.8,10.5,0.9,17.6,43,10.01163854,0.113411233,,,,
D_Viti,Artaban,VN,3,3,1,2023,2022,2023,30,1.392606082,1.448232507,2.2,1.12,11.4,461,3.6,2.8,2.8,10.5,0.9,17.6,43,10.01163854,0.126183418,,,,
D_Viti,Artaban,VN,3,3,2,2023,2022,2023,30,1.392606082,1.606452438,2.2,1.12,11.4,461,3.6,2.8,2.8,10.5,0.9,17.6,43,10.01163854,0.126183418,,,,
D_Viti,Artaban,VN,3,3,3,2023,2022,2023,30,1.392606082,1.53636537,2.2,1.12,11.4,461,3.6,2.8,2.8,10.5,0.9,17.6,43,10.01163854,0.126183418,,,,
D_Viti,Artaban,VS,3,4,1,2023,2022,2023,30,,1.084300091,2.2,1.17,10.8,615,4.9,3.7,3.7,21.5,1.8,16.9,43,10.01163854,0.065093793,,,,
D_Viti,Artaban,VS,3,4,2,2023,2022,2023,30,,1.160978736,2.2,1.17,10.8,615,4.9,3.7,3.7,21.5,1.8,16.9,43,10.01163854,0.065093793,,,,
D_Viti,Artaban,VS,3,4,3,2023,2022,2023,30,,1.068848074,2.2,1.17,10.8,615,4.9,3.7,3.7,21.5,1.8,16.9,43,10.01163854,0.065093793,,,,
D_Viti,Artaban,VS,3,5,1,2023,2022,2023,30,,1.394559482,2.2,1.17,10.8,615,4.9,3.7,3.7,21.5,1.8,16.9,43,10.01163854,0.113411233,,,,
D_Viti,Artaban,VS,3,5,2,2023,2022,2023,30,,1.201027464,2.2,1.17,10.8,615,4.9,3.7,3.7,21.5,1.8,16.9,43,10.01163854,0.113411233,,,,
D_Viti,Artaban,VS,3,5,3,2023,2022,2023,30,,1.282360612,2.2,1.17,10.8,615,4.9,3.7,3.7,21.5,1.8,16.9,43,10.01163854,0.113411233,,,,
D_Viti,Artaban,VS,3,6,1,2023,2022,2023,30,,1.446899642,2.2,1.17,10.8,615,4.9,3.7,3.7,21.5,1.8,16.9,43,10.01163854,0.126183418,,,,
D_Viti,Artaban,VS,3,6,2,2023,2022,2023,30,,1.337506342,2.2,1.17,10.8,615,4.9,3.7,3.7,21.5,1.8,16.9,43,10.01163854,0.126183418,,,,
D_Viti,Artaban,VS,3,6,3,2023,2022,2023,30,,1.504064971,2.2,1.17,10.8,615,4.9,3.7,3.7,21.5,1.8,16.9,43,10.01163854,0.126183418,,,,
T_Viti,Syrah ,,4,1,1,2019,2021,2020,10,0.873451079,0.34,2,1.11,10.7,381,3.2,2.2,3.7,14,1.3,12.7,51,10.00660325,0.100925501,,,,
T_Viti,Syrah ,,4,1,2,2019,2021,2020,10,0.873451079,0.38,1.8,1.1,9.7,201,1.9,10.7,10.7,12.5,1.1,12.6,51,10.00660325,0.100925501,,,,
T_Viti,Syrah ,,4,1,3,2019,2021,2020,10,0.873451079,0.39,1.8,1.1,9.7,201,1.9,10.7,10.7,12.5,1.1,12.6,51,10.00660325,0.100925501,,,,
T_Viti,Syrah ,,4,2,1,2019,2021,2020,10,0.817246689,0.29,1.8,1.1,9.7,201,1.9,10.7,10.7,12.5,1.1,12.6,51,10.00660325,0.20942489,,,,
T_Viti,Syrah ,,4,2,2,2019,2021,2020,10,0.817246689,0.33,1.8,1.1,9.7,201,1.9,10.7,10.7,12.5,1.1,12.6,51,10.00660325,0.20942489,,,,
T_Viti,Syrah ,,4,2,3,2019,2021,2020,10,0.817246689,0.35,1.8,1.1,9.7,201,1.9,10.7,10.7,12.5,1.1,12.6,51,10.00660325,0.20942489,,,,
T_Viti,Syrah ,,4,3,1,2019,2021,2020,10,0.677607454,0.3,1.8,1.1,9.7,201,1.9,10.7,10.7,12.5,1.1,12.6,51,10.00660325,0.180343329,,,,
T_Viti,Syrah ,,4,3,2,2019,2021,2020,10,0.677607454,0.39,1.8,1.1,9.7,201,1.9,10.7,10.7,12.5,1.1,12.6,51,10.00660325,0.180343329,,,,
T_Viti,Syrah ,,4,3,3,2019,2021,2020,10,0.677607454,0.4,1.8,1.1,9.7,201,1.9,10.7,10.7,12.5,1.1,12.6,51,10.00660325,0.180343329,,,,
T_Viti,Syrah ,,4,4,1,2019,2021,2020,10,1.028999065,0.33,1.8,1.1,9.7,201,1.9,10.7,10.7,12.5,1.1,12.6,51,10.00660325,0.224509762,,,,
T_Viti,Syrah ,,4,4,2,2019,2021,2020,10,1.028999065,0.48,1.8,1.1,9.7,201,1.9,10.7,10.7,12.5,1.1,12.6,51,10.00660325,0.224509762,,,,
T_Viti,Syrah ,,4,4,3,2019,2021,2020,10,1.028999065,0.4,1.8,1.1,9.7,201,1.9,10.7,10.7,12.5,1.1,12.6,51,10.00660325,0.224509762,,,,
T_Viti,Syrah ,,4,5,1,2019,2021,2020,10,0.892316416,0.3,1.8,1.1,9.7,201,1.9,10.7,10.7,12.5,1.1,12.6,51,10.00660325,0.113411233,,,,
T_Viti,Syrah ,,4,5,2,2019,2021,2020,10,0.892316416,0.33,1.8,1.1,9.7,201,1.9,10.7,10.7,12.5,1.1,12.6,51,10.00660325,0.113411233,,,,
T_Viti,Syrah ,,4,5,3,2019,2021,2020,10,0.892316416,0.33,1.8,1.1,9.7,201,1.9,10.7,10.7,12.5,1.1,12.6,51,10.00660325,0.113411233,,,,
T_Viti,Syrah ,,5,1,1,2019,2021,2020,10,0.991197084,0.38,1.9,1.16,9.3,358,3.3,10.5,10.5,9.9,0.9,13.2,51,10.00759896,0.100925501,,,,
T_Viti,Syrah ,,5,1,2,2019,2021,2020,10,0.991197084,,1.9,1.16,9.3,358,3.3,10.5,10.5,9.9,0.9,13.2,51,10.00759896,0.100925501,,,,
T_Viti,Syrah ,,5,1,3,2019,2021,2020,10,0.991197084,0.38,1.9,1.16,9.3,358,3.3,10.5,10.5,9.9,0.9,13.2,51,10.00759896,0.100925501,,,,
T_Viti,Syrah ,,5,2,1,2019,2021,2020,10,0.953512341,0.35,1.9,1.16,9.3,358,3.3,10.5,10.5,9.9,0.9,13.2,51,10.00759896,0.065093793,,,,
T_Viti,Syrah ,,5,2,2,2019,2021,2020,10,0.953512341,0.33,1.9,1.16,9.3,358,3.3,10.5,10.5,9.9,0.9,13.2,51,10.00759896,0.065093793,,,,
T_Viti,Syrah ,,5,2,3,2019,2021,2020,10,0.953512341,0.41,1.9,1.16,9.3,358,3.3,10.5,10.5,9.9,0.9,13.2,51,10.00759896,0.065093793,,,,
T_Viti,Syrah ,,5,3,1,2019,2021,2020,10,1.051303616,0.34,1.9,1.16,9.3,358,3.3,10.5,10.5,9.9,0.9,13.2,51,10.00759896,0.100925501,,,,
T_Viti,Syrah ,,5,3,2,2019,2021,2020,10,1.051303616,0.31,1.9,1.16,9.3,358,3.3,10.5,10.5,9.9,0.9,13.2,51,10.00759896,0.100925501,,,,
T_Viti,Syrah ,,5,3,3,2019,2021,2020,10,1.051303616,0.29,1.9,1.16,9.3,358,3.3,10.5,10.5,9.9,0.9,13.2,51,10.00759896,0.100925501,,,,
T_Viti,Syrah ,,5,4,1,2019,2021,2020,10,0.989964354,0.29,1.9,1.16,9.3,358,3.3,10.5,10.5,9.9,0.9,13.2,51,10.00759896,0.076775695,,,,
T_Viti,Syrah ,,5,4,2,2019,2021,2020,10,0.989964354,0.31,1.9,1.16,9.3,358,3.3,10.5,10.5,9.9,0.9,13.2,51,10.00759896,0.076775695,,,,
T_Viti,Syrah ,,5,4,3,2019,2021,2020,10,0.989964354,0.33,1.9,1.16,9.3,358,3.3,10.5,10.5,9.9,0.9,13.2,51,10.00759896,0.076775695,,,,
T_Viti,Syrah ,,5,5,1,2019,2021,2020,10,0.991574993,0.3,1.9,1.16,9.3,358,3.3,10.5,10.5,9.9,0.9,13.2,51,10.00759896,0.053662643,,,,
T_Viti,Syrah ,,5,5,2,2019,2021,2020,10,0.991574993,0.31,1.9,1.16,9.3,358,3.3,10.5,10.5,9.9,0.9,13.2,51,10.00759896,0.053662643,,,,
T_Viti,Syrah ,,5,5,3,2019,2021,2020,10,0.991574993,0.33,1.9,1.16,9.3,358,3.3,10.5,10.5,9.9,0.9,13.2,51,10.00759896,0.053662643,,,,
T_Viti,Syrah ,,6,1,1,2019,2021,2020,10,1.120156995,0.38,2.2,1.26,10,204,1.6,11.8,11.8,13.5,1.1,14.1,51,9.99520522,0.100925501,,,,
T_Viti,Syrah ,,6,1,2,2019,2021,2020,10,1.120156995,0.43,2.2,1.26,10,204,1.6,11.8,11.8,13.5,1.1,14.1,51,9.99520522,0.100925501,,,,
T_Viti,Syrah ,,6,1,3,2019,2021,2020,10,1.120156995,0.39,2.2,1.26,10,204,1.6,11.8,11.8,13.5,1.1,14.1,51,9.99520522,0.100925501,,,,
T_Viti,Syrah ,,6,2,1,2019,2021,2020,10,1.095143547,0.42,2.2,1.26,10,204,1.6,11.8,11.8,13.5,1.1,14.1,51,9.99520522,0.053662643,,,,
T_Viti,Syrah ,,6,2,2,2019,2021,2020,10,1.095143547,0.45,2.2,1.26,10,204,1.6,11.8,11.8,13.5,1.1,14.1,51,9.99520522,0.053662643,,,,
T_Viti,Syrah ,,6,2,3,2019,2021,2020,10,1.095143547,0.36,2.2,1.26,10,204,1.6,11.8,11.8,13.5,1.1,14.1,51,9.99520522,0.053662643,,,,
T_Viti,Syrah ,,6,3,1,2019,2021,2020,10,1.001053507,0.39,2.2,1.26,10,204,1.6,11.8,11.8,13.5,1.1,14.1,51,9.99520522,0.088716692,,,,
T_Viti,Syrah ,,6,3,2,2019,2021,2020,10,1.001053507,0.4,2.2,1.26,10,204,1.6,11.8,11.8,13.5,1.1,14.1,51,9.99520522,0.088716692,,,,
T_Viti,Syrah ,,6,3,3,2019,2021,2020,10,1.001053507,0.44,2.2,1.26,10,204,1.6,11.8,11.8,13.5,1.1,14.1,51,9.99520522,0.088716692,,,,
T_Viti,Syrah ,,6,4,1,2019,2021,2020,10,1.102609693,0.39,2.2,1.26,10,204,1.6,11.8,11.8,13.5,1.1,14.1,51,9.99520522,0.126183418,,,,
T_Viti,Syrah ,,6,4,2,2019,2021,2020,10,1.102609693,0.46,2.2,1.26,10,204,1.6,11.8,11.8,13.5,1.1,14.1,51,9.99520522,0.126183418,,,,
T_Viti,Syrah ,,6,4,3,2019,2021,2020,10,1.102609693,0.42,2.2,1.26,10,204,1.6,11.8,11.8,13.5,1.1,14.1,51,9.99520522,0.126183418,,,,
T_Viti,Syrah ,,6,5,1,2019,2021,2020,10,1.049852428,0.4,2.2,1.26,10,204,1.6,11.8,11.8,13.5,1.1,14.1,51,9.99520522,0.053662643,,,,
T_Viti,Syrah ,,6,5,2,2019,2021,2020,10,1.049852428,0.35,2.2,1.26,10,204,1.6,11.8,11.8,13.5,1.1,14.1,51,9.99520522,0.053662643,,,,
T_Viti,Syrah ,,6,5,3,2019,2021,2020,10,1.049852428,0.39,2.2,1.26,10,204,1.6,11.8,11.8,13.5,1.1,14.1,51,9.99520522,0.053662643,,,,
T_Viti,Syrah ,,4,1,1,2023,2022,2023,10,1.699012284,1.412458095,1.7,0.87,11.6,274,2.7,7.9,7.9,13,1.5,17.4,51,10.00660325,,,,,
T_Viti,Syrah ,,4,1,2,2023,2022,2023,10,1.699012284,1.104271902,1.7,0.87,11.6,274,2.7,7.9,7.9,13,1.5,17.4,51,10.00660325,,,,,
T_Viti,Syrah ,,4,1,3,2023,2022,2023,10,1.699012284,1.180532903,1.7,0.87,11.6,274,2.7,7.9,7.9,13,1.5,17.4,51,10.00660325,,,,,
T_Viti,Syrah ,,4,2,1,2023,2022,2023,10,1.677125309,0.803414756,1.7,0.87,11.6,274,2.7,7.9,7.9,13,1.5,17.4,51,10.00660325,0.113411233,,,,
T_Viti,Syrah ,,4,2,2,2023,2022,2023,10,1.677125309,0.696334586,1.7,0.87,11.6,274,2.7,7.9,7.9,13,1.5,17.4,51,10.00660325,0.113411233,,,,
T_Viti,Syrah ,,4,2,3,2023,2022,2023,10,1.677125309,0.533652729,1.7,0.87,11.6,274,2.7,7.9,7.9,13,1.5,17.4,51,10.00660325,0.113411233,,,,
T_Viti,Syrah ,,4,3,1,2023,2022,2023,10,1.376925776,0.85545826,1.7,0.87,11.6,274,2.7,7.9,7.9,13,1.5,17.4,51,10.00660325,0.113411233,,,,
T_Viti,Syrah ,,4,3,2,2023,2022,2023,10,1.376925776,0.887328156,1.7,0.87,11.6,274,2.7,7.9,7.9,13,1.5,17.4,51,10.00660325,0.113411233,,,,
T_Viti,Syrah ,,4,3,3,2023,2022,2023,10,1.376925776,1.509725264,1.7,0.87,11.6,274,2.7,7.9,7.9,13,1.5,17.4,51,10.00660325,0.113411233,,,,
T_Viti,Syrah ,,4,4,1,2023,2022,2023,10,1.530153029,0.940718592,1.7,0.87,11.6,274,2.7,7.9,7.9,13,1.5,17.4,51,10.00660325,0.180343329,,,,
T_Viti,Syrah ,,4,4,2,2023,2022,2023,10,1.530153029,0.847956522,1.7,0.87,11.6,274,2.7,7.9,7.9,13,1.5,17.4,51,10.00660325,0.180343329,,,,
T_Viti,Syrah ,,4,4,3,2023,2022,2023,10,1.530153029,1.21149812,1.7,0.87,11.6,274,2.7,7.9,7.9,13,1.5,17.4,51,10.00660325,0.180343329,,,,
T_Viti,Syrah ,,4,5,1,2023,2022,2023,10,1.418887932,0.83289087,1.7,0.87,11.6,274,2.7,7.9,7.9,13,1.5,17.4,51,10.00660325,0.113411233,,,,
T_Viti,Syrah ,,4,5,2,2023,2022,2023,10,1.418887932,0.650690063,1.7,0.87,11.6,274,2.7,7.9,7.9,13,1.5,17.4,51,10.00660325,0.113411233,,,,
T_Viti,Syrah ,,4,5,3,2023,2022,2023,10,1.418887932,0.991355097,1.7,0.87,11.6,274,2.7,7.9,7.9,13,1.5,17.4,51,10.00660325,0.113411233,,,,
T_Viti,Syrah ,,5,1,1,2023,2022,2023,10,1.396338279,0.971285206,2,1.07,10.8,244,2.1,9.7,9.7,13.8,1.3,15.6,51,10.00759896,0.180343329,,,,
T_Viti,Syrah ,,5,1,2,2023,2022,2023,10,1.396338279,1.105568455,2,1.07,10.8,244,2.1,9.7,9.7,13.8,1.3,15.6,51,10.00759896,0.180343329,,,,
T_Viti,Syrah ,,5,1,3,2023,2022,2023,10,1.396338279,0.880395913,2,1.07,10.8,244,2.1,9.7,9.7,13.8,1.3,15.6,51,10.00759896,0.180343329,,,,
T_Viti,Syrah ,,5,2,1,2023,2022,2023,10,1.553318867,0.557499212,2,1.07,10.8,244,2.1,9.7,9.7,13.8,1.3,15.6,51,10.00759896,0.053662643,,,,
T_Viti,Syrah ,,5,2,2,2023,2022,2023,10,1.553318867,0.601115399,2,1.07,10.8,244,2.1,9.7,9.7,13.8,1.3,15.6,51,10.00759896,0.053662643,,,,
T_Viti,Syrah ,,5,2,3,2023,2022,2023,10,1.553318867,0.807807648,2,1.07,10.8,244,2.1,9.7,9.7,13.8,1.3,15.6,51,10.00759896,0.053662643,,,,
T_Viti,Syrah ,,5,3,1,2023,2022,2023,10,1.563514769,0.386452124,2,1.07,10.8,244,2.1,9.7,9.7,13.8,1.3,15.6,51,10.00759896,0.053662643,,,,
T_Viti,Syrah ,,5,3,2,2023,2022,2023,10,1.563514769,0.449607977,2,1.07,10.8,244,2.1,9.7,9.7,13.8,1.3,15.6,51,10.00759896,0.053662643,,,,
T_Viti,Syrah ,,5,3,3,2023,2022,2023,10,1.563514769,0.406224389,2,1.07,10.8,244,2.1,9.7,9.7,13.8,1.3,15.6,51,10.00759896,0.053662643,,,,
T_Viti,Syrah ,,5,4,1,2023,2022,2023,10,1.173466024,0.622303042,2,1.07,10.8,244,2.1,9.7,9.7,13.8,1.3,15.6,51,10.00759896,0.113411233,,,,
T_Viti,Syrah ,,5,4,2,2023,2022,2023,10,1.173466024,0.556817331,2,1.07,10.8,244,2.1,9.7,9.7,13.8,1.3,15.6,51,10.00759896,0.113411233,,,,
T_Viti,Syrah ,,5,4,3,2023,2022,2023,10,1.173466024,0.830105718,2,1.07,10.8,244,2.1,9.7,9.7,13.8,1.3,15.6,51,10.00759896,0.113411233,,,,
T_Viti,Syrah ,,5,5,1,2023,2022,2023,10,1.422743914,0.617132413,2,1.07,10.8,244,2.1,9.7,9.7,13.8,1.3,15.6,51,10.00759896,0.113411233,,,,
T_Viti,Syrah ,,5,5,2,2023,2022,2023,10,1.422743914,0.653569656,2,1.07,10.8,244,2.1,9.7,9.7,13.8,1.3,15.6,51,10.00759896,0.113411233,,,,
T_Viti,Syrah ,,5,5,3,2023,2022,2023,10,1.422743914,0.466091009,2,1.07,10.8,244,2.1,9.7,9.7,13.8,1.3,15.6,51,10.00759896,0.113411233,,,,
T_Viti,Syrah ,,6,1,1,2023,2022,2023,10,2.019604823,0.60021875,2,1.03,11.1,401,3.5,8.7,8.7,7.6,0.7,19.8,51,9.99520522,0.180343329,,,,
T_Viti,Syrah ,,6,1,2,2023,2022,2023,10,2.019604823,0.657481367,2,1.03,11.1,401,3.5,8.7,8.7,7.6,0.7,19.8,51,9.99520522,0.180343329,,,,
T_Viti,Syrah ,,6,1,3,2023,2022,2023,10,2.019604823,0.60586818,2,1.03,11.1,401,3.5,8.7,8.7,7.6,0.7,19.8,51,9.99520522,0.180343329,,,,
T_Viti,Syrah ,,6,2,1,2023,2022,2023,10,1.66623783,0.533716053,2,1.03,11.1,401,3.5,8.7,8.7,7.6,0.7,19.8,51,9.99520522,0.113411233,,,,
T_Viti,Syrah ,,6,2,2,2023,2022,2023,10,1.66623783,0.660541796,2,1.03,11.1,401,3.5,8.7,8.7,7.6,0.7,19.8,51,9.99520522,0.113411233,,,,
T_Viti,Syrah ,,6,2,3,2023,2022,2023,10,1.66623783,0.702368507,2,1.03,11.1,401,3.5,8.7,8.7,7.6,0.7,19.8,51,9.99520522,0.113411233,,,,
T_Viti,Syrah ,,6,3,1,2023,2022,2023,10,1.881378939,0.650047452,2,1.03,11.1,401,3.5,8.7,8.7,7.6,0.7,19.8,51,9.99520522,0.113411233,,,,
T_Viti,Syrah ,,6,3,2,2023,2022,2023,10,1.881378939,0.670314152,2,1.03,11.1,401,3.5,8.7,8.7,7.6,0.7,19.8,51,9.99520522,0.113411233,,,,
T_Viti,Syrah ,,6,3,3,2023,2022,2023,10,1.881378939,0.553531287,2,1.03,11.1,401,3.5,8.7,8.7,7.6,0.7,19.8,51,9.99520522,0.113411233,,,,
T_Viti,Syrah ,,6,4,1,2023,2022,2023,10,1.420864972,0.480964809,2,1.03,11.1,401,3.5,8.7,8.7,7.6,0.7,19.8,51,9.99520522,0.180343329,,,,
T_Viti,Syrah ,,6,4,2,2023,2022,2023,10,1.420864972,0.686860552,2,1.03,11.1,401,3.5,8.7,8.7,7.6,0.7,19.8,51,9.99520522,0.180343329,,,,
T_Viti,Syrah ,,6,4,3,2023,2022,2023,10,1.420864972,0.594746172,2,1.03,11.1,401,3.5,8.7,8.7,7.6,0.7,19.8,51,9.99520522,0.180343329,,,,
T_Viti,Syrah ,,6,5,1,2023,2022,2023,10,1.629305169,0.588265479,2,1.03,11.1,401,3.5,8.7,8.7,7.6,0.7,19.8,51,9.99520522,0.053662643,,,,
T_Viti,Syrah ,,6,5,2,2023,2022,2023,10,1.629305169,0.55354418,2,1.03,11.1,401,3.5,8.7,8.7,7.6,0.7,19.8,51,9.99520522,0.053662643,,,,
T_Viti,Syrah ,,6,5,3,2023,2022,2023,10,1.629305169,0.413363363,2,1.03,11.1,401,3.5,8.7,8.7,7.6,0.7,19.8,51,9.99520522,0.053662643,,,,
T_Viti,Syrah ,,4,1,1,2019,2021,2020,30,1.145051864,0.34,2,1.11,10.7,381,3.2,2.2,3.7,14,1.3,12.7,51,10.00660325,0.100925501,,,,
T_Viti,Syrah ,,4,1,2,2019,2021,2020,30,1.145051864,0.38,1.8,1.1,9.7,201,1.9,10.7,10.7,12.5,1.1,12.6,51,10.00660325,0.100925501,,,,
T_Viti,Syrah ,,4,1,3,2019,2021,2020,30,1.145051864,0.39,1.8,1.1,9.7,201,1.9,10.7,10.7,12.5,1.1,12.6,51,10.00660325,0.100925501,,,,
T_Viti,Syrah ,,4,2,1,2019,2021,2020,30,1.062191862,0.29,1.8,1.1,9.7,201,1.9,10.7,10.7,12.5,1.1,12.6,51,10.00660325,0.166320784,,,,
T_Viti,Syrah ,,4,2,2,2019,2021,2020,30,1.062191862,0.33,1.8,1.1,9.7,201,1.9,10.7,10.7,12.5,1.1,12.6,51,10.00660325,0.166320784,,,,
T_Viti,Syrah ,,4,2,3,2019,2021,2020,30,1.062191862,0.35,1.8,1.1,9.7,201,1.9,10.7,10.7,12.5,1.1,12.6,51,10.00660325,0.166320784,,,,
T_Viti,Syrah ,,4,3,1,2019,2021,2020,30,1.162750218,0.3,1.8,1.1,9.7,201,1.9,10.7,10.7,12.5,1.1,12.6,51,10.00660325,0.139252028,,,,
T_Viti,Syrah ,,4,3,2,2019,2021,2020,30,1.162750218,0.39,1.8,1.1,9.7,201,1.9,10.7,10.7,12.5,1.1,12.6,51,10.00660325,0.139252028,,,,
T_Viti,Syrah ,,4,3,3,2019,2021,2020,30,1.162750218,0.4,1.8,1.1,9.7,201,1.9,10.7,10.7,12.5,1.1,12.6,51,10.00660325,0.139252028,,,,
T_Viti,Syrah ,,4,4,1,2019,2021,2020,30,1.132463011,0.33,1.8,1.1,9.7,201,1.9,10.7,10.7,12.5,1.1,12.6,51,10.00660325,0.139252028,,,,
T_Viti,Syrah ,,4,4,2,2019,2021,2020,30,1.132463011,0.48,1.8,1.1,9.7,201,1.9,10.7,10.7,12.5,1.1,12.6,51,10.00660325,0.139252028,,,,
T_Viti,Syrah ,,4,4,3,2019,2021,2020,30,1.132463011,0.4,1.8,1.1,9.7,201,1.9,10.7,10.7,12.5,1.1,12.6,51,10.00660325,0.139252028,,,,
T_Viti,Syrah ,,4,5,1,2019,2021,2020,30,1.243070247,0.3,1.8,1.1,9.7,201,1.9,10.7,10.7,12.5,1.1,12.6,51,10.00660325,0.065093793,,,,
T_Viti,Syrah ,,4,5,2,2019,2021,2020,30,1.243070247,0.33,1.8,1.1,9.7,201,1.9,10.7,10.7,12.5,1.1,12.6,51,10.00660325,0.065093793,,,,
T_Viti,Syrah ,,4,5,3,2019,2021,2020,30,1.243070247,0.33,1.8,1.1,9.7,201,1.9,10.7,10.7,12.5,1.1,12.6,51,10.00660325,0.065093793,,,,
T_Viti,Syrah ,,5,1,1,2019,2021,2020,30,1.220633586,0.38,1.9,1.16,9.3,358,3.3,10.5,10.5,9.9,0.9,13.2,51,10.00759896,0.100925501,,,,
T_Viti,Syrah ,,5,1,2,2019,2021,2020,30,1.220633586,,1.9,1.16,9.3,358,3.3,10.5,10.5,9.9,0.9,13.2,51,10.00759896,0.100925501,,,,
T_Viti,Syrah ,,5,1,3,2019,2021,2020,30,1.220633586,0.38,1.9,1.16,9.3,358,3.3,10.5,10.5,9.9,0.9,13.2,51,10.00759896,0.100925501,,,,
T_Viti,Syrah ,,5,2,1,2019,2021,2020,30,1.472497988,0.35,1.9,1.16,9.3,358,3.3,10.5,10.5,9.9,0.9,13.2,51,10.00759896,0.053662643,,,,
T_Viti,Syrah ,,5,2,2,2019,2021,2020,30,1.472497988,0.33,1.9,1.16,9.3,358,3.3,10.5,10.5,9.9,0.9,13.2,51,10.00759896,0.053662643,,,,
T_Viti,Syrah ,,5,2,3,2019,2021,2020,30,1.472497988,0.41,1.9,1.16,9.3,358,3.3,10.5,10.5,9.9,0.9,13.2,51,10.00759896,0.053662643,,,,
T_Viti,Syrah ,,5,3,1,2019,2021,2020,30,1.310759324,0.34,1.9,1.16,9.3,358,3.3,10.5,10.5,9.9,0.9,13.2,51,10.00759896,0.053662643,,,,
T_Viti,Syrah ,,5,3,2,2019,2021,2020,30,1.310759324,0.31,1.9,1.16,9.3,358,3.3,10.5,10.5,9.9,0.9,13.2,51,10.00759896,0.053662643,,,,
T_Viti,Syrah ,,5,3,3,2019,2021,2020,30,1.310759324,0.29,1.9,1.16,9.3,358,3.3,10.5,10.5,9.9,0.9,13.2,51,10.00759896,0.053662643,,,,
T_Viti,Syrah ,,5,4,1,2019,2021,2020,30,1.24613252,0.29,1.9,1.16,9.3,358,3.3,10.5,10.5,9.9,0.9,13.2,51,10.00759896,0.088716692,,,,
T_Viti,Syrah ,,5,4,2,2019,2021,2020,30,1.24613252,0.31,1.9,1.16,9.3,358,3.3,10.5,10.5,9.9,0.9,13.2,51,10.00759896,0.088716692,,,,
T_Viti,Syrah ,,5,4,3,2019,2021,2020,30,1.24613252,0.33,1.9,1.16,9.3,358,3.3,10.5,10.5,9.9,0.9,13.2,51,10.00759896,0.088716692,,,,
T_Viti,Syrah ,,5,5,1,2019,2021,2020,30,1.381164475,0.3,1.9,1.16,9.3,358,3.3,10.5,10.5,9.9,0.9,13.2,51,10.00759896,0.053662643,,,,
T_Viti,Syrah ,,5,5,2,2019,2021,2020,30,1.381164475,0.31,1.9,1.16,9.3,358,3.3,10.5,10.5,9.9,0.9,13.2,51,10.00759896,0.053662643,,,,
T_Viti,Syrah ,,5,5,3,2019,2021,2020,30,1.381164475,0.33,1.9,1.16,9.3,358,3.3,10.5,10.5,9.9,0.9,13.2,51,10.00759896,0.053662643,,,,
T_Viti,Syrah ,,6,1,1,2019,2021,2020,30,1.452679331,0.38,2.2,1.26,10,204,1.6,11.8,11.8,13.5,1.1,14.1,51,9.99520522,0.113411233,,,,
T_Viti,Syrah ,,6,1,2,2019,2021,2020,30,1.452679331,0.43,2.2,1.26,10,204,1.6,11.8,11.8,13.5,1.1,14.1,51,9.99520522,0.113411233,,,,
T_Viti,Syrah ,,6,1,3,2019,2021,2020,30,1.452679331,0.39,2.2,1.26,10,204,1.6,11.8,11.8,13.5,1.1,14.1,51,9.99520522,0.113411233,,,,
T_Viti,Syrah ,,6,2,1,2019,2021,2020,30,1.415242745,0.42,2.2,1.26,10,204,1.6,11.8,11.8,13.5,1.1,14.1,51,9.99520522,0.065093793,,,,
T_Viti,Syrah ,,6,2,2,2019,2021,2020,30,1.415242745,0.45,2.2,1.26,10,204,1.6,11.8,11.8,13.5,1.1,14.1,51,9.99520522,0.065093793,,,,
T_Viti,Syrah ,,6,2,3,2019,2021,2020,30,1.415242745,0.36,2.2,1.26,10,204,1.6,11.8,11.8,13.5,1.1,14.1,51,9.99520522,0.065093793,,,,
T_Viti,Syrah ,,6,3,1,2019,2021,2020,30,1.304149715,0.39,2.2,1.26,10,204,1.6,11.8,11.8,13.5,1.1,14.1,51,9.99520522,0.065093793,,,,
T_Viti,Syrah ,,6,3,2,2019,2021,2020,30,1.304149715,0.4,2.2,1.26,10,204,1.6,11.8,11.8,13.5,1.1,14.1,51,9.99520522,0.065093793,,,,
T_Viti,Syrah ,,6,3,3,2019,2021,2020,30,1.304149715,0.44,2.2,1.26,10,204,1.6,11.8,11.8,13.5,1.1,14.1,51,9.99520522,0.065093793,,,,
T_Viti,Syrah ,,6,4,1,2019,2021,2020,30,1.613427779,0.39,2.2,1.26,10,204,1.6,11.8,11.8,13.5,1.1,14.1,51,9.99520522,0.20942489,,,,
T_Viti,Syrah ,,6,4,2,2019,2021,2020,30,1.613427779,0.46,2.2,1.26,10,204,1.6,11.8,11.8,13.5,1.1,14.1,51,9.99520522,0.20942489,,,,
T_Viti,Syrah ,,6,4,3,2019,2021,2020,30,1.613427779,0.42,2.2,1.26,10,204,1.6,11.8,11.8,13.5,1.1,14.1,51,9.99520522,0.20942489,,,,
T_Viti,Syrah ,,6,5,1,2019,2021,2020,30,1.130184147,0.4,2.2,1.26,10,204,1.6,11.8,11.8,13.5,1.1,14.1,51,9.99520522,0.048038591,,,,
T_Viti,Syrah ,,6,5,2,2019,2021,2020,30,1.130184147,0.35,2.2,1.26,10,204,1.6,11.8,11.8,13.5,1.1,14.1,51,9.99520522,0.048038591,,,,
T_Viti,Syrah ,,6,5,3,2019,2021,2020,30,1.130184147,0.39,2.2,1.26,10,204,1.6,11.8,11.8,13.5,1.1,14.1,51,9.99520522,0.048038591,,,,
T_Viti,Syrah ,,4,1,1,2023,2022,2023,30,1.491219414,1.412458095,1.7,0.87,11.6,274,2.7,7.9,7.9,13,1.5,17.4,51,10.00660325,,,,,
T_Viti,Syrah ,,4,1,2,2023,2022,2023,30,1.491219414,1.104271902,1.7,0.87,11.6,274,2.7,7.9,7.9,13,1.5,17.4,51,10.00660325,,,,,
T_Viti,Syrah ,,4,1,3,2023,2022,2023,30,1.491219414,1.180532903,1.7,0.87,11.6,274,2.7,7.9,7.9,13,1.5,17.4,51,10.00660325,,,,,
T_Viti,Syrah ,,4,2,1,2023,2022,2023,30,1.354658437,0.803414756,1.7,0.87,11.6,274,2.7,7.9,7.9,13,1.5,17.4,51,10.00660325,0.255837287,,,,
T_Viti,Syrah ,,4,2,2,2023,2022,2023,30,1.354658437,0.696334586,1.7,0.87,11.6,274,2.7,7.9,7.9,13,1.5,17.4,51,10.00660325,0.255837287,,,,
T_Viti,Syrah ,,4,2,3,2023,2022,2023,30,1.354658437,0.533652729,1.7,0.87,11.6,274,2.7,7.9,7.9,13,1.5,17.4,51,10.00660325,0.255837287,,,,
T_Viti,Syrah ,,4,3,1,2023,2022,2023,30,1.795186402,0.85545826,1.7,0.87,11.6,274,2.7,7.9,7.9,13,1.5,17.4,51,10.00660325,0.113411233,,,,
T_Viti,Syrah ,,4,3,2,2023,2022,2023,30,1.795186402,0.887328156,1.7,0.87,11.6,274,2.7,7.9,7.9,13,1.5,17.4,51,10.00660325,0.113411233,,,,
T_Viti,Syrah ,,4,3,3,2023,2022,2023,30,1.795186402,1.509725264,1.7,0.87,11.6,274,2.7,7.9,7.9,13,1.5,17.4,51,10.00660325,0.113411233,,,,
T_Viti,Syrah ,,4,4,1,2023,2022,2023,30,1.545341456,0.940718592,1.7,0.87,11.6,274,2.7,7.9,7.9,13,1.5,17.4,51,10.00660325,0.113411233,,,,
T_Viti,Syrah ,,4,4,2,2023,2022,2023,30,1.545341456,0.847956522,1.7,0.87,11.6,274,2.7,7.9,7.9,13,1.5,17.4,51,10.00660325,0.113411233,,,,
T_Viti,Syrah ,,4,4,3,2023,2022,2023,30,1.545341456,1.21149812,1.7,0.87,11.6,274,2.7,7.9,7.9,13,1.5,17.4,51,10.00660325,0.113411233,,,,
T_Viti,Syrah ,,4,5,1,2023,2022,2023,30,,0.83289087,1.7,0.87,11.6,274,2.7,7.9,7.9,13,1.5,17.4,51,10.00660325,,,,,
T_Viti,Syrah ,,4,5,2,2023,2022,2023,30,,0.650690063,1.7,0.87,11.6,274,2.7,7.9,7.9,13,1.5,17.4,51,10.00660325,,,,,
T_Viti,Syrah ,,4,5,3,2023,2022,2023,30,,0.991355097,1.7,0.87,11.6,274,2.7,7.9,7.9,13,1.5,17.4,51,10.00660325,,,,,
T_Viti,Syrah ,,5,1,1,2023,2022,2023,30,1.238110427,0.971285206,2,1.07,10.8,244,2.1,9.7,9.7,13.8,1.3,15.6,51,10.00759896,0.113411233,,,,
T_Viti,Syrah ,,5,1,2,2023,2022,2023,30,1.238110427,1.105568455,2,1.07,10.8,244,2.1,9.7,9.7,13.8,1.3,15.6,51,10.00759896,0.113411233,,,,
T_Viti,Syrah ,,5,1,3,2023,2022,2023,30,1.238110427,0.880395913,2,1.07,10.8,244,2.1,9.7,9.7,13.8,1.3,15.6,51,10.00759896,0.113411233,,,,
T_Viti,Syrah ,,5,2,1,2023,2022,2023,30,1.606129877,0.557499212,2,1.07,10.8,244,2.1,9.7,9.7,13.8,1.3,15.6,51,10.00759896,0.113411233,,,,
T_Viti,Syrah ,,5,2,2,2023,2022,2023,30,1.606129877,0.601115399,2,1.07,10.8,244,2.1,9.7,9.7,13.8,1.3,15.6,51,10.00759896,0.113411233,,,,
T_Viti,Syrah ,,5,2,3,2023,2022,2023,30,1.606129877,0.807807648,2,1.07,10.8,244,2.1,9.7,9.7,13.8,1.3,15.6,51,10.00759896,0.113411233,,,,
T_Viti,Syrah ,,5,3,1,2023,2022,2023,30,1.468209915,0.386452124,2,1.07,10.8,244,2.1,9.7,9.7,13.8,1.3,15.6,51,10.00759896,0.053662643,,,,
T_Viti,Syrah ,,5,3,2,2023,2022,2023,30,1.468209915,0.449607977,2,1.07,10.8,244,2.1,9.7,9.7,13.8,1.3,15.6,51,10.00759896,0.053662643,,,,
T_Viti,Syrah ,,5,3,3,2023,2022,2023,30,1.468209915,0.406224389,2,1.07,10.8,244,2.1,9.7,9.7,13.8,1.3,15.6,51,10.00759896,0.053662643,,,,
T_Viti,Syrah ,,5,4,1,2023,2022,2023,30,0.985883846,0.622303042,2,1.07,10.8,244,2.1,9.7,9.7,13.8,1.3,15.6,51,10.00759896,0.113411233,,,,
T_Viti,Syrah ,,5,4,2,2023,2022,2023,30,0.985883846,0.556817331,2,1.07,10.8,244,2.1,9.7,9.7,13.8,1.3,15.6,51,10.00759896,0.113411233,,,,
T_Viti,Syrah ,,5,4,3,2023,2022,2023,30,0.985883846,0.830105718,2,1.07,10.8,244,2.1,9.7,9.7,13.8,1.3,15.6,51,10.00759896,0.113411233,,,,
T_Viti,Syrah ,,5,5,1,2023,2022,2023,30,1.448601675,0.617132413,2,1.07,10.8,244,2.1,9.7,9.7,13.8,1.3,15.6,51,10.00759896,0.113411233,,,,
T_Viti,Syrah ,,5,5,2,2023,2022,2023,30,1.448601675,0.653569656,2,1.07,10.8,244,2.1,9.7,9.7,13.8,1.3,15.6,51,10.00759896,0.113411233,,,,
T_Viti,Syrah ,,5,5,3,2023,2022,2023,30,1.448601675,0.466091009,2,1.07,10.8,244,2.1,9.7,9.7,13.8,1.3,15.6,51,10.00759896,0.113411233,,,,
T_Viti,Syrah ,,6,1,1,2023,2022,2023,30,1.540578185,0.60021875,2,1.03,11.1,401,3.5,8.7,8.7,7.6,0.7,19.8,51,9.99520522,0.113411233,,,,
T_Viti,Syrah ,,6,1,2,2023,2022,2023,30,1.540578185,0.657481367,2,1.03,11.1,401,3.5,8.7,8.7,7.6,0.7,19.8,51,9.99520522,0.113411233,,,,
T_Viti,Syrah ,,6,1,3,2023,2022,2023,30,1.540578185,0.60586818,2,1.03,11.1,401,3.5,8.7,8.7,7.6,0.7,19.8,51,9.99520522,0.113411233,,,,
T_Viti,Syrah ,,6,2,1,2023,2022,2023,30,1.32375008,0.533716053,2,1.03,11.1,401,3.5,8.7,8.7,7.6,0.7,19.8,51,9.99520522,0.053662643,,,,
T_Viti,Syrah ,,6,2,2,2023,2022,2023,30,1.32375008,0.660541796,2,1.03,11.1,401,3.5,8.7,8.7,7.6,0.7,19.8,51,9.99520522,0.053662643,,,,
T_Viti,Syrah ,,6,2,3,2023,2022,2023,30,1.32375008,0.702368507,2,1.03,11.1,401,3.5,8.7,8.7,7.6,0.7,19.8,51,9.99520522,0.053662643,,,,
T_Viti,Syrah ,,6,3,1,2023,2022,2023,30,1.657313948,0.650047452,2,1.03,11.1,401,3.5,8.7,8.7,7.6,0.7,19.8,51,9.99520522,0.255837287,,,,
T_Viti,Syrah ,,6,3,2,2023,2022,2023,30,1.657313948,0.670314152,2,1.03,11.1,401,3.5,8.7,8.7,7.6,0.7,19.8,51,9.99520522,0.255837287,,,,
T_Viti,Syrah ,,6,3,3,2023,2022,2023,30,1.657313948,0.553531287,2,1.03,11.1,401,3.5,8.7,8.7,7.6,0.7,19.8,51,9.99520522,0.255837287,,,,
T_Viti,Syrah ,,6,4,1,2023,2022,2023,30,1.495166423,0.480964809,2,1.03,11.1,401,3.5,8.7,8.7,7.6,0.7,19.8,51,9.99520522,0.180343329,,,,
T_Viti,Syrah ,,6,4,2,2023,2022,2023,30,1.495166423,0.686860552,2,1.03,11.1,401,3.5,8.7,8.7,7.6,0.7,19.8,51,9.99520522,0.180343329,,,,
T_Viti,Syrah ,,6,4,3,2023,2022,2023,30,1.495166423,0.594746172,2,1.03,11.1,401,3.5,8.7,8.7,7.6,0.7,19.8,51,9.99520522,0.180343329,,,,
T_Viti,Syrah ,,6,5,1,2023,2022,2023,30,1.864148873,0.588265479,2,1.03,11.1,401,3.5,8.7,8.7,7.6,0.7,19.8,51,9.99520522,0.180343329,,,,
T_Viti,Syrah ,,6,5,2,2023,2022,2023,30,1.864148873,0.55354418,2,1.03,11.1,401,3.5,8.7,8.7,7.6,0.7,19.8,51,9.99520522,0.180343329,,,,
T_Viti,Syrah ,,6,5,3,2023,2022,2023,30,1.864148873,0.413363363,2,1.03,11.1,401,3.5,8.7,8.7,7.6,0.7,19.8,51,9.99520522,0.180343329,,,,
